ERROR - 2026-05-11 16:15:13 --> Error connecting to the database: mysqli_sql_exception: Access denied for user ''@'localhost' to database 'regime_alimentaire' in /home/angeli/Asa/MrRojo/Regime/system/Database/MySQLi/Connection.php:201
Stack trace:
#0 /home/angeli/Asa/MrRojo/Regime/system/Database/MySQLi/Connection.php(201): mysqli->real_connect()
#1 /home/angeli/Asa/MrRojo/Regime/system/Database/BaseConnection.php(555): CodeIgniter\Database\MySQLi\Connection->connect()
#2 /home/angeli/Asa/MrRojo/Regime/system/Database/BaseConnection.php(795): CodeIgniter\Database\BaseConnection->initialize()
#3 /home/angeli/Asa/MrRojo/Regime/system/Database/BaseBuilder.php(1649): CodeIgniter\Database\BaseConnection->query()
#4 /home/angeli/Asa/MrRojo/Regime/system/Model.php(253): CodeIgniter\Database\BaseBuilder->get()
#5 /home/angeli/Asa/MrRojo/Regime/system/BaseModel.php(676): CodeIgniter\Model->doFindAll()
#6 /home/angeli/Asa/MrRojo/Regime/app/Controllers/Auth/AuthController.php(76): CodeIgniter\BaseModel->findAll()
#7 /home/angeli/Asa/MrRojo/Regime/system/CodeIgniter.php(951): App\Controllers\Auth\AuthController->registerStep1()
#8 /home/angeli/Asa/MrRojo/Regime/system/CodeIgniter.php(497): CodeIgniter\CodeIgniter->runController()
#9 /home/angeli/Asa/MrRojo/Regime/system/CodeIgniter.php(340): CodeIgniter\CodeIgniter->handleRequest()
#10 /home/angeli/Asa/MrRojo/Regime/system/Boot.php(417): CodeIgniter\CodeIgniter->run()
#11 /home/angeli/Asa/MrRojo/Regime/system/Boot.php(68): CodeIgniter\Boot::runCodeIgniter()
#12 /home/angeli/Asa/MrRojo/Regime/public/index.php(59): CodeIgniter\Boot::bootWeb()
#13 {main}

Next CodeIgniter\Database\Exceptions\DatabaseException: Access denied for user ''@'localhost' to database 'regime_alimentaire' in /home/angeli/Asa/MrRojo/Regime/system/Database/MySQLi/Connection.php:231
Stack trace:
#0 /home/angeli/Asa/MrRojo/Regime/system/Database/BaseConnection.php(555): CodeIgniter\Database\MySQLi\Connection->connect()
#1 /home/angeli/Asa/MrRojo/Regime/system/Database/BaseConnection.php(795): CodeIgniter\Database\BaseConnection->initialize()
#2 /home/angeli/Asa/MrRojo/Regime/system/Database/BaseBuilder.php(1649): CodeIgniter\Database\BaseConnection->query()
#3 /home/angeli/Asa/MrRojo/Regime/system/Model.php(253): CodeIgniter\Database\BaseBuilder->get()
#4 /home/angeli/Asa/MrRojo/Regime/system/BaseModel.php(676): CodeIgniter\Model->doFindAll()
#5 /home/angeli/Asa/MrRojo/Regime/app/Controllers/Auth/AuthController.php(76): CodeIgniter\BaseModel->findAll()
#6 /home/angeli/Asa/MrRojo/Regime/system/CodeIgniter.php(951): App\Controllers\Auth\AuthController->registerStep1()
#7 /home/angeli/Asa/MrRojo/Regime/system/CodeIgniter.php(497): CodeIgniter\CodeIgniter->runController()
#8 /home/angeli/Asa/MrRojo/Regime/system/CodeIgniter.php(340): CodeIgniter\CodeIgniter->handleRequest()
#9 /home/angeli/Asa/MrRojo/Regime/system/Boot.php(417): CodeIgniter\CodeIgniter->run()
#10 /home/angeli/Asa/MrRojo/Regime/system/Boot.php(68): CodeIgniter\Boot::runCodeIgniter()
#11 /home/angeli/Asa/MrRojo/Regime/public/index.php(59): CodeIgniter\Boot::bootWeb()
#12 {main}
CRITICAL - 2026-05-11 16:15:13 --> CodeIgniter\Database\Exceptions\DatabaseException: Unable to connect to the database.
Main connection [MySQLi]: Access denied for user ''@'localhost' to database 'regime_alimentaire'
[Method: GET, Route: register/step1]
in SYSTEMPATH/Database/BaseConnection.php on line 606.
 1 SYSTEMPATH/Database/BaseConnection.php(795): CodeIgniter\Database\BaseConnection->initialize()
 2 SYSTEMPATH/Database/BaseBuilder.php(1649): CodeIgniter\Database\BaseConnection->query()
 3 SYSTEMPATH/Model.php(253): CodeIgniter\Database\BaseBuilder->get()
 4 SYSTEMPATH/BaseModel.php(676): CodeIgniter\Model->doFindAll()
 5 APPPATH/Controllers/Auth/AuthController.php(76): CodeIgniter\BaseModel->findAll()
 6 SYSTEMPATH/CodeIgniter.php(951): App\Controllers\Auth\AuthController->registerStep1()
 7 SYSTEMPATH/CodeIgniter.php(497): CodeIgniter\CodeIgniter->runController()
 8 SYSTEMPATH/CodeIgniter.php(340): CodeIgniter\CodeIgniter->handleRequest()
 9 SYSTEMPATH/Boot.php(417): CodeIgniter\CodeIgniter->run()
10 SYSTEMPATH/Boot.php(68): CodeIgniter\Boot::runCodeIgniter()
11 FCPATH/index.php(59): CodeIgniter\Boot::bootWeb()
ERROR - 2026-05-11 16:15:31 --> Error connecting to the database: mysqli_sql_exception: Access denied for user ''@'localhost' to database 'regime_alimentaire' in /home/angeli/Asa/MrRojo/Regime/system/Database/MySQLi/Connection.php:201
Stack trace:
#0 /home/angeli/Asa/MrRojo/Regime/system/Database/MySQLi/Connection.php(201): mysqli->real_connect()
#1 /home/angeli/Asa/MrRojo/Regime/system/Database/BaseConnection.php(555): CodeIgniter\Database\MySQLi\Connection->connect()
#2 /home/angeli/Asa/MrRojo/Regime/system/Database/BaseConnection.php(795): CodeIgniter\Database\BaseConnection->initialize()
#3 /home/angeli/Asa/MrRojo/Regime/system/Database/BaseBuilder.php(1649): CodeIgniter\Database\BaseConnection->query()
#4 /home/angeli/Asa/MrRojo/Regime/system/Model.php(253): CodeIgniter\Database\BaseBuilder->get()
#5 /home/angeli/Asa/MrRojo/Regime/system/BaseModel.php(676): CodeIgniter\Model->doFindAll()
#6 /home/angeli/Asa/MrRojo/Regime/app/Controllers/Auth/AuthController.php(76): CodeIgniter\BaseModel->findAll()
#7 /home/angeli/Asa/MrRojo/Regime/system/CodeIgniter.php(951): App\Controllers\Auth\AuthController->registerStep1()
#8 /home/angeli/Asa/MrRojo/Regime/system/CodeIgniter.php(497): CodeIgniter\CodeIgniter->runController()
#9 /home/angeli/Asa/MrRojo/Regime/system/CodeIgniter.php(340): CodeIgniter\CodeIgniter->handleRequest()
#10 /home/angeli/Asa/MrRojo/Regime/system/Boot.php(417): CodeIgniter\CodeIgniter->run()
#11 /home/angeli/Asa/MrRojo/Regime/system/Boot.php(68): CodeIgniter\Boot::runCodeIgniter()
#12 /home/angeli/Asa/MrRojo/Regime/public/index.php(59): CodeIgniter\Boot::bootWeb()
#13 {main}

Next CodeIgniter\Database\Exceptions\DatabaseException: Access denied for user ''@'localhost' to database 'regime_alimentaire' in /home/angeli/Asa/MrRojo/Regime/system/Database/MySQLi/Connection.php:231
Stack trace:
#0 /home/angeli/Asa/MrRojo/Regime/system/Database/BaseConnection.php(555): CodeIgniter\Database\MySQLi\Connection->connect()
#1 /home/angeli/Asa/MrRojo/Regime/system/Database/BaseConnection.php(795): CodeIgniter\Database\BaseConnection->initialize()
#2 /home/angeli/Asa/MrRojo/Regime/system/Database/BaseBuilder.php(1649): CodeIgniter\Database\BaseConnection->query()
#3 /home/angeli/Asa/MrRojo/Regime/system/Model.php(253): CodeIgniter\Database\BaseBuilder->get()
#4 /home/angeli/Asa/MrRojo/Regime/system/BaseModel.php(676): CodeIgniter\Model->doFindAll()
#5 /home/angeli/Asa/MrRojo/Regime/app/Controllers/Auth/AuthController.php(76): CodeIgniter\BaseModel->findAll()
#6 /home/angeli/Asa/MrRojo/Regime/system/CodeIgniter.php(951): App\Controllers\Auth\AuthController->registerStep1()
#7 /home/angeli/Asa/MrRojo/Regime/system/CodeIgniter.php(497): CodeIgniter\CodeIgniter->runController()
#8 /home/angeli/Asa/MrRojo/Regime/system/CodeIgniter.php(340): CodeIgniter\CodeIgniter->handleRequest()
#9 /home/angeli/Asa/MrRojo/Regime/system/Boot.php(417): CodeIgniter\CodeIgniter->run()
#10 /home/angeli/Asa/MrRojo/Regime/system/Boot.php(68): CodeIgniter\Boot::runCodeIgniter()
#11 /home/angeli/Asa/MrRojo/Regime/public/index.php(59): CodeIgniter\Boot::bootWeb()
#12 {main}
CRITICAL - 2026-05-11 16:15:31 --> CodeIgniter\Database\Exceptions\DatabaseException: Unable to connect to the database.
Main connection [MySQLi]: Access denied for user ''@'localhost' to database 'regime_alimentaire'
[Method: GET, Route: register/step1]
in SYSTEMPATH/Database/BaseConnection.php on line 606.
 1 SYSTEMPATH/Database/BaseConnection.php(795): CodeIgniter\Database\BaseConnection->initialize()
 2 SYSTEMPATH/Database/BaseBuilder.php(1649): CodeIgniter\Database\BaseConnection->query()
 3 SYSTEMPATH/Model.php(253): CodeIgniter\Database\BaseBuilder->get()
 4 SYSTEMPATH/BaseModel.php(676): CodeIgniter\Model->doFindAll()
 5 APPPATH/Controllers/Auth/AuthController.php(76): CodeIgniter\BaseModel->findAll()
 6 SYSTEMPATH/CodeIgniter.php(951): App\Controllers\Auth\AuthController->registerStep1()
 7 SYSTEMPATH/CodeIgniter.php(497): CodeIgniter\CodeIgniter->runController()
 8 SYSTEMPATH/CodeIgniter.php(340): CodeIgniter\CodeIgniter->handleRequest()
 9 SYSTEMPATH/Boot.php(417): CodeIgniter\CodeIgniter->run()
10 SYSTEMPATH/Boot.php(68): CodeIgniter\Boot::runCodeIgniter()
11 FCPATH/index.php(59): CodeIgniter\Boot::bootWeb()
ERROR - 2026-05-11 16:15:35 --> Error connecting to the database: mysqli_sql_exception: Access denied for user ''@'localhost' to database 'regime_alimentaire' in /home/angeli/Asa/MrRojo/Regime/system/Database/MySQLi/Connection.php:201
Stack trace:
#0 /home/angeli/Asa/MrRojo/Regime/system/Database/MySQLi/Connection.php(201): mysqli->real_connect()
#1 /home/angeli/Asa/MrRojo/Regime/system/Database/BaseConnection.php(555): CodeIgniter\Database\MySQLi\Connection->connect()
#2 /home/angeli/Asa/MrRojo/Regime/system/Database/BaseConnection.php(795): CodeIgniter\Database\BaseConnection->initialize()
#3 /home/angeli/Asa/MrRojo/Regime/system/Database/BaseBuilder.php(1649): CodeIgniter\Database\BaseConnection->query()
#4 /home/angeli/Asa/MrRojo/Regime/system/Model.php(253): CodeIgniter\Database\BaseBuilder->get()
#5 /home/angeli/Asa/MrRojo/Regime/system/BaseModel.php(676): CodeIgniter\Model->doFindAll()
#6 /home/angeli/Asa/MrRojo/Regime/app/Controllers/Auth/AuthController.php(76): CodeIgniter\BaseModel->findAll()
#7 /home/angeli/Asa/MrRojo/Regime/system/CodeIgniter.php(951): App\Controllers\Auth\AuthController->registerStep1()
#8 /home/angeli/Asa/MrRojo/Regime/system/CodeIgniter.php(497): CodeIgniter\CodeIgniter->runController()
#9 /home/angeli/Asa/MrRojo/Regime/system/CodeIgniter.php(340): CodeIgniter\CodeIgniter->handleRequest()
#10 /home/angeli/Asa/MrRojo/Regime/system/Boot.php(417): CodeIgniter\CodeIgniter->run()
#11 /home/angeli/Asa/MrRojo/Regime/system/Boot.php(68): CodeIgniter\Boot::runCodeIgniter()
#12 /home/angeli/Asa/MrRojo/Regime/public/index.php(59): CodeIgniter\Boot::bootWeb()
#13 {main}

Next CodeIgniter\Database\Exceptions\DatabaseException: Access denied for user ''@'localhost' to database 'regime_alimentaire' in /home/angeli/Asa/MrRojo/Regime/system/Database/MySQLi/Connection.php:231
Stack trace:
#0 /home/angeli/Asa/MrRojo/Regime/system/Database/BaseConnection.php(555): CodeIgniter\Database\MySQLi\Connection->connect()
#1 /home/angeli/Asa/MrRojo/Regime/system/Database/BaseConnection.php(795): CodeIgniter\Database\BaseConnection->initialize()
#2 /home/angeli/Asa/MrRojo/Regime/system/Database/BaseBuilder.php(1649): CodeIgniter\Database\BaseConnection->query()
#3 /home/angeli/Asa/MrRojo/Regime/system/Model.php(253): CodeIgniter\Database\BaseBuilder->get()
#4 /home/angeli/Asa/MrRojo/Regime/system/BaseModel.php(676): CodeIgniter\Model->doFindAll()
#5 /home/angeli/Asa/MrRojo/Regime/app/Controllers/Auth/AuthController.php(76): CodeIgniter\BaseModel->findAll()
#6 /home/angeli/Asa/MrRojo/Regime/system/CodeIgniter.php(951): App\Controllers\Auth\AuthController->registerStep1()
#7 /home/angeli/Asa/MrRojo/Regime/system/CodeIgniter.php(497): CodeIgniter\CodeIgniter->runController()
#8 /home/angeli/Asa/MrRojo/Regime/system/CodeIgniter.php(340): CodeIgniter\CodeIgniter->handleRequest()
#9 /home/angeli/Asa/MrRojo/Regime/system/Boot.php(417): CodeIgniter\CodeIgniter->run()
#10 /home/angeli/Asa/MrRojo/Regime/system/Boot.php(68): CodeIgniter\Boot::runCodeIgniter()
#11 /home/angeli/Asa/MrRojo/Regime/public/index.php(59): CodeIgniter\Boot::bootWeb()
#12 {main}
CRITICAL - 2026-05-11 16:15:35 --> CodeIgniter\Database\Exceptions\DatabaseException: Unable to connect to the database.
Main connection [MySQLi]: Access denied for user ''@'localhost' to database 'regime_alimentaire'
[Method: GET, Route: register/step1]
in SYSTEMPATH/Database/BaseConnection.php on line 606.
 1 SYSTEMPATH/Database/BaseConnection.php(795): CodeIgniter\Database\BaseConnection->initialize()
 2 SYSTEMPATH/Database/BaseBuilder.php(1649): CodeIgniter\Database\BaseConnection->query()
 3 SYSTEMPATH/Model.php(253): CodeIgniter\Database\BaseBuilder->get()
 4 SYSTEMPATH/BaseModel.php(676): CodeIgniter\Model->doFindAll()
 5 APPPATH/Controllers/Auth/AuthController.php(76): CodeIgniter\BaseModel->findAll()
 6 SYSTEMPATH/CodeIgniter.php(951): App\Controllers\Auth\AuthController->registerStep1()
 7 SYSTEMPATH/CodeIgniter.php(497): CodeIgniter\CodeIgniter->runController()
 8 SYSTEMPATH/CodeIgniter.php(340): CodeIgniter\CodeIgniter->handleRequest()
 9 SYSTEMPATH/Boot.php(417): CodeIgniter\CodeIgniter->run()
10 SYSTEMPATH/Boot.php(68): CodeIgniter\Boot::runCodeIgniter()
11 FCPATH/index.php(59): CodeIgniter\Boot::bootWeb()
ERROR - 2026-05-11 16:19:52 --> Error connecting to the database: mysqli_sql_exception: Access denied for user ''@'localhost' to database 'regime_alimentaire' in /home/angeli/Asa/MrRojo/Regime/system/Database/MySQLi/Connection.php:201
Stack trace:
#0 /home/angeli/Asa/MrRojo/Regime/system/Database/MySQLi/Connection.php(201): mysqli->real_connect()
#1 /home/angeli/Asa/MrRojo/Regime/system/Database/BaseConnection.php(555): CodeIgniter\Database\MySQLi\Connection->connect()
#2 /home/angeli/Asa/MrRojo/Regime/system/Database/BaseConnection.php(795): CodeIgniter\Database\BaseConnection->initialize()
#3 /home/angeli/Asa/MrRojo/Regime/system/Database/BaseBuilder.php(1649): CodeIgniter\Database\BaseConnection->query()
#4 /home/angeli/Asa/MrRojo/Regime/system/Model.php(253): CodeIgniter\Database\BaseBuilder->get()
#5 /home/angeli/Asa/MrRojo/Regime/system/BaseModel.php(676): CodeIgniter\Model->doFindAll()
#6 /home/angeli/Asa/MrRojo/Regime/app/Controllers/Auth/AuthController.php(76): CodeIgniter\BaseModel->findAll()
#7 /home/angeli/Asa/MrRojo/Regime/system/CodeIgniter.php(951): App\Controllers\Auth\AuthController->registerStep1()
#8 /home/angeli/Asa/MrRojo/Regime/system/CodeIgniter.php(497): CodeIgniter\CodeIgniter->runController()
#9 /home/angeli/Asa/MrRojo/Regime/system/CodeIgniter.php(340): CodeIgniter\CodeIgniter->handleRequest()
#10 /home/angeli/Asa/MrRojo/Regime/system/Boot.php(417): CodeIgniter\CodeIgniter->run()
#11 /home/angeli/Asa/MrRojo/Regime/system/Boot.php(68): CodeIgniter\Boot::runCodeIgniter()
#12 /home/angeli/Asa/MrRojo/Regime/public/index.php(59): CodeIgniter\Boot::bootWeb()
#13 {main}

Next CodeIgniter\Database\Exceptions\DatabaseException: Access denied for user ''@'localhost' to database 'regime_alimentaire' in /home/angeli/Asa/MrRojo/Regime/system/Database/MySQLi/Connection.php:231
Stack trace:
#0 /home/angeli/Asa/MrRojo/Regime/system/Database/BaseConnection.php(555): CodeIgniter\Database\MySQLi\Connection->connect()
#1 /home/angeli/Asa/MrRojo/Regime/system/Database/BaseConnection.php(795): CodeIgniter\Database\BaseConnection->initialize()
#2 /home/angeli/Asa/MrRojo/Regime/system/Database/BaseBuilder.php(1649): CodeIgniter\Database\BaseConnection->query()
#3 /home/angeli/Asa/MrRojo/Regime/system/Model.php(253): CodeIgniter\Database\BaseBuilder->get()
#4 /home/angeli/Asa/MrRojo/Regime/system/BaseModel.php(676): CodeIgniter\Model->doFindAll()
#5 /home/angeli/Asa/MrRojo/Regime/app/Controllers/Auth/AuthController.php(76): CodeIgniter\BaseModel->findAll()
#6 /home/angeli/Asa/MrRojo/Regime/system/CodeIgniter.php(951): App\Controllers\Auth\AuthController->registerStep1()
#7 /home/angeli/Asa/MrRojo/Regime/system/CodeIgniter.php(497): CodeIgniter\CodeIgniter->runController()
#8 /home/angeli/Asa/MrRojo/Regime/system/CodeIgniter.php(340): CodeIgniter\CodeIgniter->handleRequest()
#9 /home/angeli/Asa/MrRojo/Regime/system/Boot.php(417): CodeIgniter\CodeIgniter->run()
#10 /home/angeli/Asa/MrRojo/Regime/system/Boot.php(68): CodeIgniter\Boot::runCodeIgniter()
#11 /home/angeli/Asa/MrRojo/Regime/public/index.php(59): CodeIgniter\Boot::bootWeb()
#12 {main}
CRITICAL - 2026-05-11 16:19:52 --> CodeIgniter\Database\Exceptions\DatabaseException: Unable to connect to the database.
Main connection [MySQLi]: Access denied for user ''@'localhost' to database 'regime_alimentaire'
[Method: GET, Route: register/step1]
in SYSTEMPATH/Database/BaseConnection.php on line 606.
 1 SYSTEMPATH/Database/BaseConnection.php(795): CodeIgniter\Database\BaseConnection->initialize()
 2 SYSTEMPATH/Database/BaseBuilder.php(1649): CodeIgniter\Database\BaseConnection->query()
 3 SYSTEMPATH/Model.php(253): CodeIgniter\Database\BaseBuilder->get()
 4 SYSTEMPATH/BaseModel.php(676): CodeIgniter\Model->doFindAll()
 5 APPPATH/Controllers/Auth/AuthController.php(76): CodeIgniter\BaseModel->findAll()
 6 SYSTEMPATH/CodeIgniter.php(951): App\Controllers\Auth\AuthController->registerStep1()
 7 SYSTEMPATH/CodeIgniter.php(497): CodeIgniter\CodeIgniter->runController()
 8 SYSTEMPATH/CodeIgniter.php(340): CodeIgniter\CodeIgniter->handleRequest()
 9 SYSTEMPATH/Boot.php(417): CodeIgniter\CodeIgniter->run()
10 SYSTEMPATH/Boot.php(68): CodeIgniter\Boot::runCodeIgniter()
11 FCPATH/index.php(59): CodeIgniter\Boot::bootWeb()
ERROR - 2026-05-11 16:19:56 --> Error connecting to the database: mysqli_sql_exception: Access denied for user ''@'localhost' to database 'regime_alimentaire' in /home/angeli/Asa/MrRojo/Regime/system/Database/MySQLi/Connection.php:201
Stack trace:
#0 /home/angeli/Asa/MrRojo/Regime/system/Database/MySQLi/Connection.php(201): mysqli->real_connect()
#1 /home/angeli/Asa/MrRojo/Regime/system/Database/BaseConnection.php(555): CodeIgniter\Database\MySQLi\Connection->connect()
#2 /home/angeli/Asa/MrRojo/Regime/system/Database/BaseConnection.php(795): CodeIgniter\Database\BaseConnection->initialize()
#3 /home/angeli/Asa/MrRojo/Regime/system/Database/BaseBuilder.php(1649): CodeIgniter\Database\BaseConnection->query()
#4 /home/angeli/Asa/MrRojo/Regime/system/Model.php(253): CodeIgniter\Database\BaseBuilder->get()
#5 /home/angeli/Asa/MrRojo/Regime/system/BaseModel.php(676): CodeIgniter\Model->doFindAll()
#6 /home/angeli/Asa/MrRojo/Regime/app/Controllers/Auth/AuthController.php(76): CodeIgniter\BaseModel->findAll()
#7 /home/angeli/Asa/MrRojo/Regime/system/CodeIgniter.php(951): App\Controllers\Auth\AuthController->registerStep1()
#8 /home/angeli/Asa/MrRojo/Regime/system/CodeIgniter.php(497): CodeIgniter\CodeIgniter->runController()
#9 /home/angeli/Asa/MrRojo/Regime/system/CodeIgniter.php(340): CodeIgniter\CodeIgniter->handleRequest()
#10 /home/angeli/Asa/MrRojo/Regime/system/Boot.php(417): CodeIgniter\CodeIgniter->run()
#11 /home/angeli/Asa/MrRojo/Regime/system/Boot.php(68): CodeIgniter\Boot::runCodeIgniter()
#12 /home/angeli/Asa/MrRojo/Regime/public/index.php(59): CodeIgniter\Boot::bootWeb()
#13 {main}

Next CodeIgniter\Database\Exceptions\DatabaseException: Access denied for user ''@'localhost' to database 'regime_alimentaire' in /home/angeli/Asa/MrRojo/Regime/system/Database/MySQLi/Connection.php:231
Stack trace:
#0 /home/angeli/Asa/MrRojo/Regime/system/Database/BaseConnection.php(555): CodeIgniter\Database\MySQLi\Connection->connect()
#1 /home/angeli/Asa/MrRojo/Regime/system/Database/BaseConnection.php(795): CodeIgniter\Database\BaseConnection->initialize()
#2 /home/angeli/Asa/MrRojo/Regime/system/Database/BaseBuilder.php(1649): CodeIgniter\Database\BaseConnection->query()
#3 /home/angeli/Asa/MrRojo/Regime/system/Model.php(253): CodeIgniter\Database\BaseBuilder->get()
#4 /home/angeli/Asa/MrRojo/Regime/system/BaseModel.php(676): CodeIgniter\Model->doFindAll()
#5 /home/angeli/Asa/MrRojo/Regime/app/Controllers/Auth/AuthController.php(76): CodeIgniter\BaseModel->findAll()
#6 /home/angeli/Asa/MrRojo/Regime/system/CodeIgniter.php(951): App\Controllers\Auth\AuthController->registerStep1()
#7 /home/angeli/Asa/MrRojo/Regime/system/CodeIgniter.php(497): CodeIgniter\CodeIgniter->runController()
#8 /home/angeli/Asa/MrRojo/Regime/system/CodeIgniter.php(340): CodeIgniter\CodeIgniter->handleRequest()
#9 /home/angeli/Asa/MrRojo/Regime/system/Boot.php(417): CodeIgniter\CodeIgniter->run()
#10 /home/angeli/Asa/MrRojo/Regime/system/Boot.php(68): CodeIgniter\Boot::runCodeIgniter()
#11 /home/angeli/Asa/MrRojo/Regime/public/index.php(59): CodeIgniter\Boot::bootWeb()
#12 {main}
CRITICAL - 2026-05-11 16:19:56 --> CodeIgniter\Database\Exceptions\DatabaseException: Unable to connect to the database.
Main connection [MySQLi]: Access denied for user ''@'localhost' to database 'regime_alimentaire'
[Method: GET, Route: register/step1]
in SYSTEMPATH/Database/BaseConnection.php on line 606.
 1 SYSTEMPATH/Database/BaseConnection.php(795): CodeIgniter\Database\BaseConnection->initialize()
 2 SYSTEMPATH/Database/BaseBuilder.php(1649): CodeIgniter\Database\BaseConnection->query()
 3 SYSTEMPATH/Model.php(253): CodeIgniter\Database\BaseBuilder->get()
 4 SYSTEMPATH/BaseModel.php(676): CodeIgniter\Model->doFindAll()
 5 APPPATH/Controllers/Auth/AuthController.php(76): CodeIgniter\BaseModel->findAll()
 6 SYSTEMPATH/CodeIgniter.php(951): App\Controllers\Auth\AuthController->registerStep1()
 7 SYSTEMPATH/CodeIgniter.php(497): CodeIgniter\CodeIgniter->runController()
 8 SYSTEMPATH/CodeIgniter.php(340): CodeIgniter\CodeIgniter->handleRequest()
 9 SYSTEMPATH/Boot.php(417): CodeIgniter\CodeIgniter->run()
10 SYSTEMPATH/Boot.php(68): CodeIgniter\Boot::runCodeIgniter()
11 FCPATH/index.php(59): CodeIgniter\Boot::bootWeb()
ERROR - 2026-05-11 16:23:07 --> Error connecting to the database: mysqli_sql_exception: No such file or directory in /home/angeli/Asa/MrRojo/Regime/system/Database/MySQLi/Connection.php:201
Stack trace:
#0 /home/angeli/Asa/MrRojo/Regime/system/Database/MySQLi/Connection.php(201): mysqli->real_connect()
#1 /home/angeli/Asa/MrRojo/Regime/system/Database/BaseConnection.php(555): CodeIgniter\Database\MySQLi\Connection->connect()
#2 /home/angeli/Asa/MrRojo/Regime/system/Database/BaseConnection.php(795): CodeIgniter\Database\BaseConnection->initialize()
#3 /home/angeli/Asa/MrRojo/Regime/system/Database/BaseBuilder.php(1649): CodeIgniter\Database\BaseConnection->query()
#4 /home/angeli/Asa/MrRojo/Regime/system/Model.php(253): CodeIgniter\Database\BaseBuilder->get()
#5 /home/angeli/Asa/MrRojo/Regime/system/BaseModel.php(676): CodeIgniter\Model->doFindAll()
#6 /home/angeli/Asa/MrRojo/Regime/app/Controllers/Auth/AuthController.php(76): CodeIgniter\BaseModel->findAll()
#7 /home/angeli/Asa/MrRojo/Regime/system/CodeIgniter.php(951): App\Controllers\Auth\AuthController->registerStep1()
#8 /home/angeli/Asa/MrRojo/Regime/system/CodeIgniter.php(497): CodeIgniter\CodeIgniter->runController()
#9 /home/angeli/Asa/MrRojo/Regime/system/CodeIgniter.php(340): CodeIgniter\CodeIgniter->handleRequest()
#10 /home/angeli/Asa/MrRojo/Regime/system/Boot.php(417): CodeIgniter\CodeIgniter->run()
#11 /home/angeli/Asa/MrRojo/Regime/system/Boot.php(68): CodeIgniter\Boot::runCodeIgniter()
#12 /home/angeli/Asa/MrRojo/Regime/public/index.php(59): CodeIgniter\Boot::bootWeb()
#13 {main}

Next CodeIgniter\Database\Exceptions\DatabaseException: No such file or directory in /home/angeli/Asa/MrRojo/Regime/system/Database/MySQLi/Connection.php:231
Stack trace:
#0 /home/angeli/Asa/MrRojo/Regime/system/Database/BaseConnection.php(555): CodeIgniter\Database\MySQLi\Connection->connect()
#1 /home/angeli/Asa/MrRojo/Regime/system/Database/BaseConnection.php(795): CodeIgniter\Database\BaseConnection->initialize()
#2 /home/angeli/Asa/MrRojo/Regime/system/Database/BaseBuilder.php(1649): CodeIgniter\Database\BaseConnection->query()
#3 /home/angeli/Asa/MrRojo/Regime/system/Model.php(253): CodeIgniter\Database\BaseBuilder->get()
#4 /home/angeli/Asa/MrRojo/Regime/system/BaseModel.php(676): CodeIgniter\Model->doFindAll()
#5 /home/angeli/Asa/MrRojo/Regime/app/Controllers/Auth/AuthController.php(76): CodeIgniter\BaseModel->findAll()
#6 /home/angeli/Asa/MrRojo/Regime/system/CodeIgniter.php(951): App\Controllers\Auth\AuthController->registerStep1()
#7 /home/angeli/Asa/MrRojo/Regime/system/CodeIgniter.php(497): CodeIgniter\CodeIgniter->runController()
#8 /home/angeli/Asa/MrRojo/Regime/system/CodeIgniter.php(340): CodeIgniter\CodeIgniter->handleRequest()
#9 /home/angeli/Asa/MrRojo/Regime/system/Boot.php(417): CodeIgniter\CodeIgniter->run()
#10 /home/angeli/Asa/MrRojo/Regime/system/Boot.php(68): CodeIgniter\Boot::runCodeIgniter()
#11 /home/angeli/Asa/MrRojo/Regime/public/index.php(59): CodeIgniter\Boot::bootWeb()
#12 {main}
CRITICAL - 2026-05-11 16:23:07 --> CodeIgniter\Database\Exceptions\DatabaseException: Unable to connect to the database.
Main connection [MySQLi]: No such file or directory
[Method: GET, Route: register/step1]
in SYSTEMPATH/Database/BaseConnection.php on line 606.
 1 SYSTEMPATH/Database/BaseConnection.php(795): CodeIgniter\Database\BaseConnection->initialize()
 2 SYSTEMPATH/Database/BaseBuilder.php(1649): CodeIgniter\Database\BaseConnection->query()
 3 SYSTEMPATH/Model.php(253): CodeIgniter\Database\BaseBuilder->get()
 4 SYSTEMPATH/BaseModel.php(676): CodeIgniter\Model->doFindAll()
 5 APPPATH/Controllers/Auth/AuthController.php(76): CodeIgniter\BaseModel->findAll()
 6 SYSTEMPATH/CodeIgniter.php(951): App\Controllers\Auth\AuthController->registerStep1()
 7 SYSTEMPATH/CodeIgniter.php(497): CodeIgniter\CodeIgniter->runController()
 8 SYSTEMPATH/CodeIgniter.php(340): CodeIgniter\CodeIgniter->handleRequest()
 9 SYSTEMPATH/Boot.php(417): CodeIgniter\CodeIgniter->run()
10 SYSTEMPATH/Boot.php(68): CodeIgniter\Boot::runCodeIgniter()
11 FCPATH/index.php(59): CodeIgniter\Boot::bootWeb()
ERROR - 2026-05-11 16:24:23 --> Error connecting to the database: mysqli_sql_exception: No such file or directory in /home/angeli/Asa/MrRojo/Regime/system/Database/MySQLi/Connection.php:201
Stack trace:
#0 /home/angeli/Asa/MrRojo/Regime/system/Database/MySQLi/Connection.php(201): mysqli->real_connect()
#1 /home/angeli/Asa/MrRojo/Regime/system/Database/BaseConnection.php(555): CodeIgniter\Database\MySQLi\Connection->connect()
#2 /home/angeli/Asa/MrRojo/Regime/system/Database/BaseConnection.php(795): CodeIgniter\Database\BaseConnection->initialize()
#3 /home/angeli/Asa/MrRojo/Regime/system/Database/BaseBuilder.php(1649): CodeIgniter\Database\BaseConnection->query()
#4 /home/angeli/Asa/MrRojo/Regime/system/Model.php(253): CodeIgniter\Database\BaseBuilder->get()
#5 /home/angeli/Asa/MrRojo/Regime/system/BaseModel.php(676): CodeIgniter\Model->doFindAll()
#6 /home/angeli/Asa/MrRojo/Regime/app/Controllers/Auth/AuthController.php(76): CodeIgniter\BaseModel->findAll()
#7 /home/angeli/Asa/MrRojo/Regime/system/CodeIgniter.php(951): App\Controllers\Auth\AuthController->registerStep1()
#8 /home/angeli/Asa/MrRojo/Regime/system/CodeIgniter.php(497): CodeIgniter\CodeIgniter->runController()
#9 /home/angeli/Asa/MrRojo/Regime/system/CodeIgniter.php(340): CodeIgniter\CodeIgniter->handleRequest()
#10 /home/angeli/Asa/MrRojo/Regime/system/Boot.php(417): CodeIgniter\CodeIgniter->run()
#11 /home/angeli/Asa/MrRojo/Regime/system/Boot.php(68): CodeIgniter\Boot::runCodeIgniter()
#12 /home/angeli/Asa/MrRojo/Regime/public/index.php(59): CodeIgniter\Boot::bootWeb()
#13 {main}

Next CodeIgniter\Database\Exceptions\DatabaseException: No such file or directory in /home/angeli/Asa/MrRojo/Regime/system/Database/MySQLi/Connection.php:231
Stack trace:
#0 /home/angeli/Asa/MrRojo/Regime/system/Database/BaseConnection.php(555): CodeIgniter\Database\MySQLi\Connection->connect()
#1 /home/angeli/Asa/MrRojo/Regime/system/Database/BaseConnection.php(795): CodeIgniter\Database\BaseConnection->initialize()
#2 /home/angeli/Asa/MrRojo/Regime/system/Database/BaseBuilder.php(1649): CodeIgniter\Database\BaseConnection->query()
#3 /home/angeli/Asa/MrRojo/Regime/system/Model.php(253): CodeIgniter\Database\BaseBuilder->get()
#4 /home/angeli/Asa/MrRojo/Regime/system/BaseModel.php(676): CodeIgniter\Model->doFindAll()
#5 /home/angeli/Asa/MrRojo/Regime/app/Controllers/Auth/AuthController.php(76): CodeIgniter\BaseModel->findAll()
#6 /home/angeli/Asa/MrRojo/Regime/system/CodeIgniter.php(951): App\Controllers\Auth\AuthController->registerStep1()
#7 /home/angeli/Asa/MrRojo/Regime/system/CodeIgniter.php(497): CodeIgniter\CodeIgniter->runController()
#8 /home/angeli/Asa/MrRojo/Regime/system/CodeIgniter.php(340): CodeIgniter\CodeIgniter->handleRequest()
#9 /home/angeli/Asa/MrRojo/Regime/system/Boot.php(417): CodeIgniter\CodeIgniter->run()
#10 /home/angeli/Asa/MrRojo/Regime/system/Boot.php(68): CodeIgniter\Boot::runCodeIgniter()
#11 /home/angeli/Asa/MrRojo/Regime/public/index.php(59): CodeIgniter\Boot::bootWeb()
#12 {main}
CRITICAL - 2026-05-11 16:24:23 --> CodeIgniter\Database\Exceptions\DatabaseException: Unable to connect to the database.
Main connection [MySQLi]: No such file or directory
[Method: GET, Route: register/step1]
in SYSTEMPATH/Database/BaseConnection.php on line 606.
 1 SYSTEMPATH/Database/BaseConnection.php(795): CodeIgniter\Database\BaseConnection->initialize()
 2 SYSTEMPATH/Database/BaseBuilder.php(1649): CodeIgniter\Database\BaseConnection->query()
 3 SYSTEMPATH/Model.php(253): CodeIgniter\Database\BaseBuilder->get()
 4 SYSTEMPATH/BaseModel.php(676): CodeIgniter\Model->doFindAll()
 5 APPPATH/Controllers/Auth/AuthController.php(76): CodeIgniter\BaseModel->findAll()
 6 SYSTEMPATH/CodeIgniter.php(951): App\Controllers\Auth\AuthController->registerStep1()
 7 SYSTEMPATH/CodeIgniter.php(497): CodeIgniter\CodeIgniter->runController()
 8 SYSTEMPATH/CodeIgniter.php(340): CodeIgniter\CodeIgniter->handleRequest()
 9 SYSTEMPATH/Boot.php(417): CodeIgniter\CodeIgniter->run()
10 SYSTEMPATH/Boot.php(68): CodeIgniter\Boot::runCodeIgniter()
11 FCPATH/index.php(59): CodeIgniter\Boot::bootWeb()
ERROR - 2026-05-11 16:24:23 --> Error connecting to the database: mysqli_sql_exception: No such file or directory in /home/angeli/Asa/MrRojo/Regime/system/Database/MySQLi/Connection.php:201
Stack trace:
#0 /home/angeli/Asa/MrRojo/Regime/system/Database/MySQLi/Connection.php(201): mysqli->real_connect()
#1 /home/angeli/Asa/MrRojo/Regime/system/Database/BaseConnection.php(555): CodeIgniter\Database\MySQLi\Connection->connect()
#2 /home/angeli/Asa/MrRojo/Regime/system/Database/BaseConnection.php(795): CodeIgniter\Database\BaseConnection->initialize()
#3 /home/angeli/Asa/MrRojo/Regime/system/Database/BaseBuilder.php(1649): CodeIgniter\Database\BaseConnection->query()
#4 /home/angeli/Asa/MrRojo/Regime/system/Model.php(253): CodeIgniter\Database\BaseBuilder->get()
#5 /home/angeli/Asa/MrRojo/Regime/system/BaseModel.php(676): CodeIgniter\Model->doFindAll()
#6 /home/angeli/Asa/MrRojo/Regime/app/Controllers/Auth/AuthController.php(76): CodeIgniter\BaseModel->findAll()
#7 /home/angeli/Asa/MrRojo/Regime/system/CodeIgniter.php(951): App\Controllers\Auth\AuthController->registerStep1()
#8 /home/angeli/Asa/MrRojo/Regime/system/CodeIgniter.php(497): CodeIgniter\CodeIgniter->runController()
#9 /home/angeli/Asa/MrRojo/Regime/system/CodeIgniter.php(340): CodeIgniter\CodeIgniter->handleRequest()
#10 /home/angeli/Asa/MrRojo/Regime/system/Boot.php(417): CodeIgniter\CodeIgniter->run()
#11 /home/angeli/Asa/MrRojo/Regime/system/Boot.php(68): CodeIgniter\Boot::runCodeIgniter()
#12 /home/angeli/Asa/MrRojo/Regime/public/index.php(59): CodeIgniter\Boot::bootWeb()
#13 {main}

Next CodeIgniter\Database\Exceptions\DatabaseException: No such file or directory in /home/angeli/Asa/MrRojo/Regime/system/Database/MySQLi/Connection.php:231
Stack trace:
#0 /home/angeli/Asa/MrRojo/Regime/system/Database/BaseConnection.php(555): CodeIgniter\Database\MySQLi\Connection->connect()
#1 /home/angeli/Asa/MrRojo/Regime/system/Database/BaseConnection.php(795): CodeIgniter\Database\BaseConnection->initialize()
#2 /home/angeli/Asa/MrRojo/Regime/system/Database/BaseBuilder.php(1649): CodeIgniter\Database\BaseConnection->query()
#3 /home/angeli/Asa/MrRojo/Regime/system/Model.php(253): CodeIgniter\Database\BaseBuilder->get()
#4 /home/angeli/Asa/MrRojo/Regime/system/BaseModel.php(676): CodeIgniter\Model->doFindAll()
#5 /home/angeli/Asa/MrRojo/Regime/app/Controllers/Auth/AuthController.php(76): CodeIgniter\BaseModel->findAll()
#6 /home/angeli/Asa/MrRojo/Regime/system/CodeIgniter.php(951): App\Controllers\Auth\AuthController->registerStep1()
#7 /home/angeli/Asa/MrRojo/Regime/system/CodeIgniter.php(497): CodeIgniter\CodeIgniter->runController()
#8 /home/angeli/Asa/MrRojo/Regime/system/CodeIgniter.php(340): CodeIgniter\CodeIgniter->handleRequest()
#9 /home/angeli/Asa/MrRojo/Regime/system/Boot.php(417): CodeIgniter\CodeIgniter->run()
#10 /home/angeli/Asa/MrRojo/Regime/system/Boot.php(68): CodeIgniter\Boot::runCodeIgniter()
#11 /home/angeli/Asa/MrRojo/Regime/public/index.php(59): CodeIgniter\Boot::bootWeb()
#12 {main}
CRITICAL - 2026-05-11 16:24:23 --> CodeIgniter\Database\Exceptions\DatabaseException: Unable to connect to the database.
Main connection [MySQLi]: No such file or directory
[Method: GET, Route: register/step1]
in SYSTEMPATH/Database/BaseConnection.php on line 606.
 1 SYSTEMPATH/Database/BaseConnection.php(795): CodeIgniter\Database\BaseConnection->initialize()
 2 SYSTEMPATH/Database/BaseBuilder.php(1649): CodeIgniter\Database\BaseConnection->query()
 3 SYSTEMPATH/Model.php(253): CodeIgniter\Database\BaseBuilder->get()
 4 SYSTEMPATH/BaseModel.php(676): CodeIgniter\Model->doFindAll()
 5 APPPATH/Controllers/Auth/AuthController.php(76): CodeIgniter\BaseModel->findAll()
 6 SYSTEMPATH/CodeIgniter.php(951): App\Controllers\Auth\AuthController->registerStep1()
 7 SYSTEMPATH/CodeIgniter.php(497): CodeIgniter\CodeIgniter->runController()
 8 SYSTEMPATH/CodeIgniter.php(340): CodeIgniter\CodeIgniter->handleRequest()
 9 SYSTEMPATH/Boot.php(417): CodeIgniter\CodeIgniter->run()
10 SYSTEMPATH/Boot.php(68): CodeIgniter\Boot::runCodeIgniter()
11 FCPATH/index.php(59): CodeIgniter\Boot::bootWeb()
ERROR - 2026-05-11 16:24:23 --> Error connecting to the database: mysqli_sql_exception: No such file or directory in /home/angeli/Asa/MrRojo/Regime/system/Database/MySQLi/Connection.php:201
Stack trace:
#0 /home/angeli/Asa/MrRojo/Regime/system/Database/MySQLi/Connection.php(201): mysqli->real_connect()
#1 /home/angeli/Asa/MrRojo/Regime/system/Database/BaseConnection.php(555): CodeIgniter\Database\MySQLi\Connection->connect()
#2 /home/angeli/Asa/MrRojo/Regime/system/Database/BaseConnection.php(795): CodeIgniter\Database\BaseConnection->initialize()
#3 /home/angeli/Asa/MrRojo/Regime/system/Database/BaseBuilder.php(1649): CodeIgniter\Database\BaseConnection->query()
#4 /home/angeli/Asa/MrRojo/Regime/system/Model.php(253): CodeIgniter\Database\BaseBuilder->get()
#5 /home/angeli/Asa/MrRojo/Regime/system/BaseModel.php(676): CodeIgniter\Model->doFindAll()
#6 /home/angeli/Asa/MrRojo/Regime/app/Controllers/Auth/AuthController.php(76): CodeIgniter\BaseModel->findAll()
#7 /home/angeli/Asa/MrRojo/Regime/system/CodeIgniter.php(951): App\Controllers\Auth\AuthController->registerStep1()
#8 /home/angeli/Asa/MrRojo/Regime/system/CodeIgniter.php(497): CodeIgniter\CodeIgniter->runController()
#9 /home/angeli/Asa/MrRojo/Regime/system/CodeIgniter.php(340): CodeIgniter\CodeIgniter->handleRequest()
#10 /home/angeli/Asa/MrRojo/Regime/system/Boot.php(417): CodeIgniter\CodeIgniter->run()
#11 /home/angeli/Asa/MrRojo/Regime/system/Boot.php(68): CodeIgniter\Boot::runCodeIgniter()
#12 /home/angeli/Asa/MrRojo/Regime/public/index.php(59): CodeIgniter\Boot::bootWeb()
#13 {main}

Next CodeIgniter\Database\Exceptions\DatabaseException: No such file or directory in /home/angeli/Asa/MrRojo/Regime/system/Database/MySQLi/Connection.php:231
Stack trace:
#0 /home/angeli/Asa/MrRojo/Regime/system/Database/BaseConnection.php(555): CodeIgniter\Database\MySQLi\Connection->connect()
#1 /home/angeli/Asa/MrRojo/Regime/system/Database/BaseConnection.php(795): CodeIgniter\Database\BaseConnection->initialize()
#2 /home/angeli/Asa/MrRojo/Regime/system/Database/BaseBuilder.php(1649): CodeIgniter\Database\BaseConnection->query()
#3 /home/angeli/Asa/MrRojo/Regime/system/Model.php(253): CodeIgniter\Database\BaseBuilder->get()
#4 /home/angeli/Asa/MrRojo/Regime/system/BaseModel.php(676): CodeIgniter\Model->doFindAll()
#5 /home/angeli/Asa/MrRojo/Regime/app/Controllers/Auth/AuthController.php(76): CodeIgniter\BaseModel->findAll()
#6 /home/angeli/Asa/MrRojo/Regime/system/CodeIgniter.php(951): App\Controllers\Auth\AuthController->registerStep1()
#7 /home/angeli/Asa/MrRojo/Regime/system/CodeIgniter.php(497): CodeIgniter\CodeIgniter->runController()
#8 /home/angeli/Asa/MrRojo/Regime/system/CodeIgniter.php(340): CodeIgniter\CodeIgniter->handleRequest()
#9 /home/angeli/Asa/MrRojo/Regime/system/Boot.php(417): CodeIgniter\CodeIgniter->run()
#10 /home/angeli/Asa/MrRojo/Regime/system/Boot.php(68): CodeIgniter\Boot::runCodeIgniter()
#11 /home/angeli/Asa/MrRojo/Regime/public/index.php(59): CodeIgniter\Boot::bootWeb()
#12 {main}
CRITICAL - 2026-05-11 16:24:23 --> CodeIgniter\Database\Exceptions\DatabaseException: Unable to connect to the database.
Main connection [MySQLi]: No such file or directory
[Method: GET, Route: register/step1]
in SYSTEMPATH/Database/BaseConnection.php on line 606.
 1 SYSTEMPATH/Database/BaseConnection.php(795): CodeIgniter\Database\BaseConnection->initialize()
 2 SYSTEMPATH/Database/BaseBuilder.php(1649): CodeIgniter\Database\BaseConnection->query()
 3 SYSTEMPATH/Model.php(253): CodeIgniter\Database\BaseBuilder->get()
 4 SYSTEMPATH/BaseModel.php(676): CodeIgniter\Model->doFindAll()
 5 APPPATH/Controllers/Auth/AuthController.php(76): CodeIgniter\BaseModel->findAll()
 6 SYSTEMPATH/CodeIgniter.php(951): App\Controllers\Auth\AuthController->registerStep1()
 7 SYSTEMPATH/CodeIgniter.php(497): CodeIgniter\CodeIgniter->runController()
 8 SYSTEMPATH/CodeIgniter.php(340): CodeIgniter\CodeIgniter->handleRequest()
 9 SYSTEMPATH/Boot.php(417): CodeIgniter\CodeIgniter->run()
10 SYSTEMPATH/Boot.php(68): CodeIgniter\Boot::runCodeIgniter()
11 FCPATH/index.php(59): CodeIgniter\Boot::bootWeb()
ERROR - 2026-05-11 16:24:24 --> Error connecting to the database: mysqli_sql_exception: No such file or directory in /home/angeli/Asa/MrRojo/Regime/system/Database/MySQLi/Connection.php:201
Stack trace:
#0 /home/angeli/Asa/MrRojo/Regime/system/Database/MySQLi/Connection.php(201): mysqli->real_connect()
#1 /home/angeli/Asa/MrRojo/Regime/system/Database/BaseConnection.php(555): CodeIgniter\Database\MySQLi\Connection->connect()
#2 /home/angeli/Asa/MrRojo/Regime/system/Database/BaseConnection.php(795): CodeIgniter\Database\BaseConnection->initialize()
#3 /home/angeli/Asa/MrRojo/Regime/system/Database/BaseBuilder.php(1649): CodeIgniter\Database\BaseConnection->query()
#4 /home/angeli/Asa/MrRojo/Regime/system/Model.php(253): CodeIgniter\Database\BaseBuilder->get()
#5 /home/angeli/Asa/MrRojo/Regime/system/BaseModel.php(676): CodeIgniter\Model->doFindAll()
#6 /home/angeli/Asa/MrRojo/Regime/app/Controllers/Auth/AuthController.php(76): CodeIgniter\BaseModel->findAll()
#7 /home/angeli/Asa/MrRojo/Regime/system/CodeIgniter.php(951): App\Controllers\Auth\AuthController->registerStep1()
#8 /home/angeli/Asa/MrRojo/Regime/system/CodeIgniter.php(497): CodeIgniter\CodeIgniter->runController()
#9 /home/angeli/Asa/MrRojo/Regime/system/CodeIgniter.php(340): CodeIgniter\CodeIgniter->handleRequest()
#10 /home/angeli/Asa/MrRojo/Regime/system/Boot.php(417): CodeIgniter\CodeIgniter->run()
#11 /home/angeli/Asa/MrRojo/Regime/system/Boot.php(68): CodeIgniter\Boot::runCodeIgniter()
#12 /home/angeli/Asa/MrRojo/Regime/public/index.php(59): CodeIgniter\Boot::bootWeb()
#13 {main}

Next CodeIgniter\Database\Exceptions\DatabaseException: No such file or directory in /home/angeli/Asa/MrRojo/Regime/system/Database/MySQLi/Connection.php:231
Stack trace:
#0 /home/angeli/Asa/MrRojo/Regime/system/Database/BaseConnection.php(555): CodeIgniter\Database\MySQLi\Connection->connect()
#1 /home/angeli/Asa/MrRojo/Regime/system/Database/BaseConnection.php(795): CodeIgniter\Database\BaseConnection->initialize()
#2 /home/angeli/Asa/MrRojo/Regime/system/Database/BaseBuilder.php(1649): CodeIgniter\Database\BaseConnection->query()
#3 /home/angeli/Asa/MrRojo/Regime/system/Model.php(253): CodeIgniter\Database\BaseBuilder->get()
#4 /home/angeli/Asa/MrRojo/Regime/system/BaseModel.php(676): CodeIgniter\Model->doFindAll()
#5 /home/angeli/Asa/MrRojo/Regime/app/Controllers/Auth/AuthController.php(76): CodeIgniter\BaseModel->findAll()
#6 /home/angeli/Asa/MrRojo/Regime/system/CodeIgniter.php(951): App\Controllers\Auth\AuthController->registerStep1()
#7 /home/angeli/Asa/MrRojo/Regime/system/CodeIgniter.php(497): CodeIgniter\CodeIgniter->runController()
#8 /home/angeli/Asa/MrRojo/Regime/system/CodeIgniter.php(340): CodeIgniter\CodeIgniter->handleRequest()
#9 /home/angeli/Asa/MrRojo/Regime/system/Boot.php(417): CodeIgniter\CodeIgniter->run()
#10 /home/angeli/Asa/MrRojo/Regime/system/Boot.php(68): CodeIgniter\Boot::runCodeIgniter()
#11 /home/angeli/Asa/MrRojo/Regime/public/index.php(59): CodeIgniter\Boot::bootWeb()
#12 {main}
CRITICAL - 2026-05-11 16:24:24 --> CodeIgniter\Database\Exceptions\DatabaseException: Unable to connect to the database.
Main connection [MySQLi]: No such file or directory
[Method: GET, Route: register/step1]
in SYSTEMPATH/Database/BaseConnection.php on line 606.
 1 SYSTEMPATH/Database/BaseConnection.php(795): CodeIgniter\Database\BaseConnection->initialize()
 2 SYSTEMPATH/Database/BaseBuilder.php(1649): CodeIgniter\Database\BaseConnection->query()
 3 SYSTEMPATH/Model.php(253): CodeIgniter\Database\BaseBuilder->get()
 4 SYSTEMPATH/BaseModel.php(676): CodeIgniter\Model->doFindAll()
 5 APPPATH/Controllers/Auth/AuthController.php(76): CodeIgniter\BaseModel->findAll()
 6 SYSTEMPATH/CodeIgniter.php(951): App\Controllers\Auth\AuthController->registerStep1()
 7 SYSTEMPATH/CodeIgniter.php(497): CodeIgniter\CodeIgniter->runController()
 8 SYSTEMPATH/CodeIgniter.php(340): CodeIgniter\CodeIgniter->handleRequest()
 9 SYSTEMPATH/Boot.php(417): CodeIgniter\CodeIgniter->run()
10 SYSTEMPATH/Boot.php(68): CodeIgniter\Boot::runCodeIgniter()
11 FCPATH/index.php(59): CodeIgniter\Boot::bootWeb()
ERROR - 2026-05-11 16:24:24 --> Error connecting to the database: mysqli_sql_exception: No such file or directory in /home/angeli/Asa/MrRojo/Regime/system/Database/MySQLi/Connection.php:201
Stack trace:
#0 /home/angeli/Asa/MrRojo/Regime/system/Database/MySQLi/Connection.php(201): mysqli->real_connect()
#1 /home/angeli/Asa/MrRojo/Regime/system/Database/BaseConnection.php(555): CodeIgniter\Database\MySQLi\Connection->connect()
#2 /home/angeli/Asa/MrRojo/Regime/system/Database/BaseConnection.php(795): CodeIgniter\Database\BaseConnection->initialize()
#3 /home/angeli/Asa/MrRojo/Regime/system/Database/BaseBuilder.php(1649): CodeIgniter\Database\BaseConnection->query()
#4 /home/angeli/Asa/MrRojo/Regime/system/Model.php(253): CodeIgniter\Database\BaseBuilder->get()
#5 /home/angeli/Asa/MrRojo/Regime/system/BaseModel.php(676): CodeIgniter\Model->doFindAll()
#6 /home/angeli/Asa/MrRojo/Regime/app/Controllers/Auth/AuthController.php(76): CodeIgniter\BaseModel->findAll()
#7 /home/angeli/Asa/MrRojo/Regime/system/CodeIgniter.php(951): App\Controllers\Auth\AuthController->registerStep1()
#8 /home/angeli/Asa/MrRojo/Regime/system/CodeIgniter.php(497): CodeIgniter\CodeIgniter->runController()
#9 /home/angeli/Asa/MrRojo/Regime/system/CodeIgniter.php(340): CodeIgniter\CodeIgniter->handleRequest()
#10 /home/angeli/Asa/MrRojo/Regime/system/Boot.php(417): CodeIgniter\CodeIgniter->run()
#11 /home/angeli/Asa/MrRojo/Regime/system/Boot.php(68): CodeIgniter\Boot::runCodeIgniter()
#12 /home/angeli/Asa/MrRojo/Regime/public/index.php(59): CodeIgniter\Boot::bootWeb()
#13 {main}

Next CodeIgniter\Database\Exceptions\DatabaseException: No such file or directory in /home/angeli/Asa/MrRojo/Regime/system/Database/MySQLi/Connection.php:231
Stack trace:
#0 /home/angeli/Asa/MrRojo/Regime/system/Database/BaseConnection.php(555): CodeIgniter\Database\MySQLi\Connection->connect()
#1 /home/angeli/Asa/MrRojo/Regime/system/Database/BaseConnection.php(795): CodeIgniter\Database\BaseConnection->initialize()
#2 /home/angeli/Asa/MrRojo/Regime/system/Database/BaseBuilder.php(1649): CodeIgniter\Database\BaseConnection->query()
#3 /home/angeli/Asa/MrRojo/Regime/system/Model.php(253): CodeIgniter\Database\BaseBuilder->get()
#4 /home/angeli/Asa/MrRojo/Regime/system/BaseModel.php(676): CodeIgniter\Model->doFindAll()
#5 /home/angeli/Asa/MrRojo/Regime/app/Controllers/Auth/AuthController.php(76): CodeIgniter\BaseModel->findAll()
#6 /home/angeli/Asa/MrRojo/Regime/system/CodeIgniter.php(951): App\Controllers\Auth\AuthController->registerStep1()
#7 /home/angeli/Asa/MrRojo/Regime/system/CodeIgniter.php(497): CodeIgniter\CodeIgniter->runController()
#8 /home/angeli/Asa/MrRojo/Regime/system/CodeIgniter.php(340): CodeIgniter\CodeIgniter->handleRequest()
#9 /home/angeli/Asa/MrRojo/Regime/system/Boot.php(417): CodeIgniter\CodeIgniter->run()
#10 /home/angeli/Asa/MrRojo/Regime/system/Boot.php(68): CodeIgniter\Boot::runCodeIgniter()
#11 /home/angeli/Asa/MrRojo/Regime/public/index.php(59): CodeIgniter\Boot::bootWeb()
#12 {main}
CRITICAL - 2026-05-11 16:24:24 --> CodeIgniter\Database\Exceptions\DatabaseException: Unable to connect to the database.
Main connection [MySQLi]: No such file or directory
[Method: GET, Route: register/step1]
in SYSTEMPATH/Database/BaseConnection.php on line 606.
 1 SYSTEMPATH/Database/BaseConnection.php(795): CodeIgniter\Database\BaseConnection->initialize()
 2 SYSTEMPATH/Database/BaseBuilder.php(1649): CodeIgniter\Database\BaseConnection->query()
 3 SYSTEMPATH/Model.php(253): CodeIgniter\Database\BaseBuilder->get()
 4 SYSTEMPATH/BaseModel.php(676): CodeIgniter\Model->doFindAll()
 5 APPPATH/Controllers/Auth/AuthController.php(76): CodeIgniter\BaseModel->findAll()
 6 SYSTEMPATH/CodeIgniter.php(951): App\Controllers\Auth\AuthController->registerStep1()
 7 SYSTEMPATH/CodeIgniter.php(497): CodeIgniter\CodeIgniter->runController()
 8 SYSTEMPATH/CodeIgniter.php(340): CodeIgniter\CodeIgniter->handleRequest()
 9 SYSTEMPATH/Boot.php(417): CodeIgniter\CodeIgniter->run()
10 SYSTEMPATH/Boot.php(68): CodeIgniter\Boot::runCodeIgniter()
11 FCPATH/index.php(59): CodeIgniter\Boot::bootWeb()
ERROR - 2026-05-11 16:24:24 --> Error connecting to the database: mysqli_sql_exception: No such file or directory in /home/angeli/Asa/MrRojo/Regime/system/Database/MySQLi/Connection.php:201
Stack trace:
#0 /home/angeli/Asa/MrRojo/Regime/system/Database/MySQLi/Connection.php(201): mysqli->real_connect()
#1 /home/angeli/Asa/MrRojo/Regime/system/Database/BaseConnection.php(555): CodeIgniter\Database\MySQLi\Connection->connect()
#2 /home/angeli/Asa/MrRojo/Regime/system/Database/BaseConnection.php(795): CodeIgniter\Database\BaseConnection->initialize()
#3 /home/angeli/Asa/MrRojo/Regime/system/Database/BaseBuilder.php(1649): CodeIgniter\Database\BaseConnection->query()
#4 /home/angeli/Asa/MrRojo/Regime/system/Model.php(253): CodeIgniter\Database\BaseBuilder->get()
#5 /home/angeli/Asa/MrRojo/Regime/system/BaseModel.php(676): CodeIgniter\Model->doFindAll()
#6 /home/angeli/Asa/MrRojo/Regime/app/Controllers/Auth/AuthController.php(76): CodeIgniter\BaseModel->findAll()
#7 /home/angeli/Asa/MrRojo/Regime/system/CodeIgniter.php(951): App\Controllers\Auth\AuthController->registerStep1()
#8 /home/angeli/Asa/MrRojo/Regime/system/CodeIgniter.php(497): CodeIgniter\CodeIgniter->runController()
#9 /home/angeli/Asa/MrRojo/Regime/system/CodeIgniter.php(340): CodeIgniter\CodeIgniter->handleRequest()
#10 /home/angeli/Asa/MrRojo/Regime/system/Boot.php(417): CodeIgniter\CodeIgniter->run()
#11 /home/angeli/Asa/MrRojo/Regime/system/Boot.php(68): CodeIgniter\Boot::runCodeIgniter()
#12 /home/angeli/Asa/MrRojo/Regime/public/index.php(59): CodeIgniter\Boot::bootWeb()
#13 {main}

Next CodeIgniter\Database\Exceptions\DatabaseException: No such file or directory in /home/angeli/Asa/MrRojo/Regime/system/Database/MySQLi/Connection.php:231
Stack trace:
#0 /home/angeli/Asa/MrRojo/Regime/system/Database/BaseConnection.php(555): CodeIgniter\Database\MySQLi\Connection->connect()
#1 /home/angeli/Asa/MrRojo/Regime/system/Database/BaseConnection.php(795): CodeIgniter\Database\BaseConnection->initialize()
#2 /home/angeli/Asa/MrRojo/Regime/system/Database/BaseBuilder.php(1649): CodeIgniter\Database\BaseConnection->query()
#3 /home/angeli/Asa/MrRojo/Regime/system/Model.php(253): CodeIgniter\Database\BaseBuilder->get()
#4 /home/angeli/Asa/MrRojo/Regime/system/BaseModel.php(676): CodeIgniter\Model->doFindAll()
#5 /home/angeli/Asa/MrRojo/Regime/app/Controllers/Auth/AuthController.php(76): CodeIgniter\BaseModel->findAll()
#6 /home/angeli/Asa/MrRojo/Regime/system/CodeIgniter.php(951): App\Controllers\Auth\AuthController->registerStep1()
#7 /home/angeli/Asa/MrRojo/Regime/system/CodeIgniter.php(497): CodeIgniter\CodeIgniter->runController()
#8 /home/angeli/Asa/MrRojo/Regime/system/CodeIgniter.php(340): CodeIgniter\CodeIgniter->handleRequest()
#9 /home/angeli/Asa/MrRojo/Regime/system/Boot.php(417): CodeIgniter\CodeIgniter->run()
#10 /home/angeli/Asa/MrRojo/Regime/system/Boot.php(68): CodeIgniter\Boot::runCodeIgniter()
#11 /home/angeli/Asa/MrRojo/Regime/public/index.php(59): CodeIgniter\Boot::bootWeb()
#12 {main}
CRITICAL - 2026-05-11 16:24:24 --> CodeIgniter\Database\Exceptions\DatabaseException: Unable to connect to the database.
Main connection [MySQLi]: No such file or directory
[Method: GET, Route: register/step1]
in SYSTEMPATH/Database/BaseConnection.php on line 606.
 1 SYSTEMPATH/Database/BaseConnection.php(795): CodeIgniter\Database\BaseConnection->initialize()
 2 SYSTEMPATH/Database/BaseBuilder.php(1649): CodeIgniter\Database\BaseConnection->query()
 3 SYSTEMPATH/Model.php(253): CodeIgniter\Database\BaseBuilder->get()
 4 SYSTEMPATH/BaseModel.php(676): CodeIgniter\Model->doFindAll()
 5 APPPATH/Controllers/Auth/AuthController.php(76): CodeIgniter\BaseModel->findAll()
 6 SYSTEMPATH/CodeIgniter.php(951): App\Controllers\Auth\AuthController->registerStep1()
 7 SYSTEMPATH/CodeIgniter.php(497): CodeIgniter\CodeIgniter->runController()
 8 SYSTEMPATH/CodeIgniter.php(340): CodeIgniter\CodeIgniter->handleRequest()
 9 SYSTEMPATH/Boot.php(417): CodeIgniter\CodeIgniter->run()
10 SYSTEMPATH/Boot.php(68): CodeIgniter\Boot::runCodeIgniter()
11 FCPATH/index.php(59): CodeIgniter\Boot::bootWeb()
ERROR - 2026-05-11 16:27:41 --> Error connecting to the database: mysqli_sql_exception: No such file or directory in /home/angeli/Asa/MrRojo/Regime/system/Database/MySQLi/Connection.php:201
Stack trace:
#0 /home/angeli/Asa/MrRojo/Regime/system/Database/MySQLi/Connection.php(201): mysqli->real_connect()
#1 /home/angeli/Asa/MrRojo/Regime/system/Database/BaseConnection.php(555): CodeIgniter\Database\MySQLi\Connection->connect()
#2 /home/angeli/Asa/MrRojo/Regime/system/Database/BaseConnection.php(795): CodeIgniter\Database\BaseConnection->initialize()
#3 /home/angeli/Asa/MrRojo/Regime/system/Database/BaseBuilder.php(1649): CodeIgniter\Database\BaseConnection->query()
#4 /home/angeli/Asa/MrRojo/Regime/system/Model.php(253): CodeIgniter\Database\BaseBuilder->get()
#5 /home/angeli/Asa/MrRojo/Regime/system/BaseModel.php(676): CodeIgniter\Model->doFindAll()
#6 /home/angeli/Asa/MrRojo/Regime/app/Controllers/Auth/AuthController.php(76): CodeIgniter\BaseModel->findAll()
#7 /home/angeli/Asa/MrRojo/Regime/system/CodeIgniter.php(951): App\Controllers\Auth\AuthController->registerStep1()
#8 /home/angeli/Asa/MrRojo/Regime/system/CodeIgniter.php(497): CodeIgniter\CodeIgniter->runController()
#9 /home/angeli/Asa/MrRojo/Regime/system/CodeIgniter.php(340): CodeIgniter\CodeIgniter->handleRequest()
#10 /home/angeli/Asa/MrRojo/Regime/system/Boot.php(417): CodeIgniter\CodeIgniter->run()
#11 /home/angeli/Asa/MrRojo/Regime/system/Boot.php(68): CodeIgniter\Boot::runCodeIgniter()
#12 /home/angeli/Asa/MrRojo/Regime/public/index.php(59): CodeIgniter\Boot::bootWeb()
#13 {main}

Next CodeIgniter\Database\Exceptions\DatabaseException: No such file or directory in /home/angeli/Asa/MrRojo/Regime/system/Database/MySQLi/Connection.php:231
Stack trace:
#0 /home/angeli/Asa/MrRojo/Regime/system/Database/BaseConnection.php(555): CodeIgniter\Database\MySQLi\Connection->connect()
#1 /home/angeli/Asa/MrRojo/Regime/system/Database/BaseConnection.php(795): CodeIgniter\Database\BaseConnection->initialize()
#2 /home/angeli/Asa/MrRojo/Regime/system/Database/BaseBuilder.php(1649): CodeIgniter\Database\BaseConnection->query()
#3 /home/angeli/Asa/MrRojo/Regime/system/Model.php(253): CodeIgniter\Database\BaseBuilder->get()
#4 /home/angeli/Asa/MrRojo/Regime/system/BaseModel.php(676): CodeIgniter\Model->doFindAll()
#5 /home/angeli/Asa/MrRojo/Regime/app/Controllers/Auth/AuthController.php(76): CodeIgniter\BaseModel->findAll()
#6 /home/angeli/Asa/MrRojo/Regime/system/CodeIgniter.php(951): App\Controllers\Auth\AuthController->registerStep1()
#7 /home/angeli/Asa/MrRojo/Regime/system/CodeIgniter.php(497): CodeIgniter\CodeIgniter->runController()
#8 /home/angeli/Asa/MrRojo/Regime/system/CodeIgniter.php(340): CodeIgniter\CodeIgniter->handleRequest()
#9 /home/angeli/Asa/MrRojo/Regime/system/Boot.php(417): CodeIgniter\CodeIgniter->run()
#10 /home/angeli/Asa/MrRojo/Regime/system/Boot.php(68): CodeIgniter\Boot::runCodeIgniter()
#11 /home/angeli/Asa/MrRojo/Regime/public/index.php(59): CodeIgniter\Boot::bootWeb()
#12 {main}
CRITICAL - 2026-05-11 16:27:41 --> CodeIgniter\Database\Exceptions\DatabaseException: Unable to connect to the database.
Main connection [MySQLi]: No such file or directory
[Method: GET, Route: register/step1]
in SYSTEMPATH/Database/BaseConnection.php on line 606.
 1 SYSTEMPATH/Database/BaseConnection.php(795): CodeIgniter\Database\BaseConnection->initialize()
 2 SYSTEMPATH/Database/BaseBuilder.php(1649): CodeIgniter\Database\BaseConnection->query()
 3 SYSTEMPATH/Model.php(253): CodeIgniter\Database\BaseBuilder->get()
 4 SYSTEMPATH/BaseModel.php(676): CodeIgniter\Model->doFindAll()
 5 APPPATH/Controllers/Auth/AuthController.php(76): CodeIgniter\BaseModel->findAll()
 6 SYSTEMPATH/CodeIgniter.php(951): App\Controllers\Auth\AuthController->registerStep1()
 7 SYSTEMPATH/CodeIgniter.php(497): CodeIgniter\CodeIgniter->runController()
 8 SYSTEMPATH/CodeIgniter.php(340): CodeIgniter\CodeIgniter->handleRequest()
 9 SYSTEMPATH/Boot.php(417): CodeIgniter\CodeIgniter->run()
10 SYSTEMPATH/Boot.php(68): CodeIgniter\Boot::runCodeIgniter()
11 FCPATH/index.php(59): CodeIgniter\Boot::bootWeb()
WARNING - 2026-05-11 16:29:08 --> [DEPRECATED] Passing lowercase HTTP method "get" is deprecated. Use uppercase HTTP method like "GET". in SYSTEMPATH/Router/RouteCollection.php on line 1026.
 1 SYSTEMPATH/Router/RouteCollection.php(1026): trigger_error('Passing lowercase HTTP method "get" is deprecated. Use uppercase HTTP method like "GET".', 16384)
 2 APPPATH/Config/Routes.php(59): CodeIgniter\Router\RouteCollection->match([...], 'regime/create', '\\App\\Controllers\\Regimes\\RegimeController::create')
 3 SYSTEMPATH/Router/RouteCollection.php(799): CodeIgniter\Router\RouteCollection->{closure}(Object(CodeIgniter\Router\RouteCollection))
 4 APPPATH/Config/Routes.php(56): CodeIgniter\Router\RouteCollection->group('admin', [...], Object(Closure))
 5 SYSTEMPATH/Router/RouteCollection.php(339): require('/home/angeli/Asa/MrRojo/Regime/app/Config/Routes.php')
 6 SYSTEMPATH/CodeIgniter.php(818): CodeIgniter\Router\RouteCollection->loadRoutes()
 7 SYSTEMPATH/CodeIgniter.php(441): CodeIgniter\CodeIgniter->tryToRouteIt(null)
 8 SYSTEMPATH/CodeIgniter.php(340): CodeIgniter\CodeIgniter->handleRequest(null, Object(Config\Cache), false)
 9 SYSTEMPATH/Boot.php(417): CodeIgniter\CodeIgniter->run()
10 SYSTEMPATH/Boot.php(68): CodeIgniter\Boot::runCodeIgniter(Object(CodeIgniter\CodeIgniter))
11 FCPATH/index.php(59): CodeIgniter\Boot::bootWeb(Object(Config\Paths))
WARNING - 2026-05-11 16:29:08 --> [DEPRECATED] Passing lowercase HTTP method "post" is deprecated. Use uppercase HTTP method like "POST". in SYSTEMPATH/Router/RouteCollection.php on line 1026.
 1 SYSTEMPATH/Router/RouteCollection.php(1026): trigger_error('Passing lowercase HTTP method "post" is deprecated. Use uppercase HTTP method like "POST".', 16384)
 2 APPPATH/Config/Routes.php(59): CodeIgniter\Router\RouteCollection->match([...], 'regime/create', '\\App\\Controllers\\Regimes\\RegimeController::create')
 3 SYSTEMPATH/Router/RouteCollection.php(799): CodeIgniter\Router\RouteCollection->{closure}(Object(CodeIgniter\Router\RouteCollection))
 4 APPPATH/Config/Routes.php(56): CodeIgniter\Router\RouteCollection->group('admin', [...], Object(Closure))
 5 SYSTEMPATH/Router/RouteCollection.php(339): require('/home/angeli/Asa/MrRojo/Regime/app/Config/Routes.php')
 6 SYSTEMPATH/CodeIgniter.php(818): CodeIgniter\Router\RouteCollection->loadRoutes()
 7 SYSTEMPATH/CodeIgniter.php(441): CodeIgniter\CodeIgniter->tryToRouteIt(null)
 8 SYSTEMPATH/CodeIgniter.php(340): CodeIgniter\CodeIgniter->handleRequest(null, Object(Config\Cache), false)
 9 SYSTEMPATH/Boot.php(417): CodeIgniter\CodeIgniter->run()
10 SYSTEMPATH/Boot.php(68): CodeIgniter\Boot::runCodeIgniter(Object(CodeIgniter\CodeIgniter))
11 FCPATH/index.php(59): CodeIgniter\Boot::bootWeb(Object(Config\Paths))
WARNING - 2026-05-11 16:29:08 --> [DEPRECATED] Passing lowercase HTTP method "get" is deprecated. Use uppercase HTTP method like "GET". in SYSTEMPATH/Router/RouteCollection.php on line 1026.
 1 SYSTEMPATH/Router/RouteCollection.php(1026): trigger_error('Passing lowercase HTTP method "get" is deprecated. Use uppercase HTTP method like "GET".', 16384)
 2 APPPATH/Config/Routes.php(60): CodeIgniter\Router\RouteCollection->match([...], 'regime/edit/(:num)', '\\App\\Controllers\\Regimes\\RegimeController::edit/$1')
 3 SYSTEMPATH/Router/RouteCollection.php(799): CodeIgniter\Router\RouteCollection->{closure}(Object(CodeIgniter\Router\RouteCollection))
 4 APPPATH/Config/Routes.php(56): CodeIgniter\Router\RouteCollection->group('admin', [...], Object(Closure))
 5 SYSTEMPATH/Router/RouteCollection.php(339): require('/home/angeli/Asa/MrRojo/Regime/app/Config/Routes.php')
 6 SYSTEMPATH/CodeIgniter.php(818): CodeIgniter\Router\RouteCollection->loadRoutes()
 7 SYSTEMPATH/CodeIgniter.php(441): CodeIgniter\CodeIgniter->tryToRouteIt(null)
 8 SYSTEMPATH/CodeIgniter.php(340): CodeIgniter\CodeIgniter->handleRequest(null, Object(Config\Cache), false)
 9 SYSTEMPATH/Boot.php(417): CodeIgniter\CodeIgniter->run()
10 SYSTEMPATH/Boot.php(68): CodeIgniter\Boot::runCodeIgniter(Object(CodeIgniter\CodeIgniter))
11 FCPATH/index.php(59): CodeIgniter\Boot::bootWeb(Object(Config\Paths))
WARNING - 2026-05-11 16:29:08 --> [DEPRECATED] Passing lowercase HTTP method "post" is deprecated. Use uppercase HTTP method like "POST". in SYSTEMPATH/Router/RouteCollection.php on line 1026.
 1 SYSTEMPATH/Router/RouteCollection.php(1026): trigger_error('Passing lowercase HTTP method "post" is deprecated. Use uppercase HTTP method like "POST".', 16384)
 2 APPPATH/Config/Routes.php(60): CodeIgniter\Router\RouteCollection->match([...], 'regime/edit/(:num)', '\\App\\Controllers\\Regimes\\RegimeController::edit/$1')
 3 SYSTEMPATH/Router/RouteCollection.php(799): CodeIgniter\Router\RouteCollection->{closure}(Object(CodeIgniter\Router\RouteCollection))
 4 APPPATH/Config/Routes.php(56): CodeIgniter\Router\RouteCollection->group('admin', [...], Object(Closure))
 5 SYSTEMPATH/Router/RouteCollection.php(339): require('/home/angeli/Asa/MrRojo/Regime/app/Config/Routes.php')
 6 SYSTEMPATH/CodeIgniter.php(818): CodeIgniter\Router\RouteCollection->loadRoutes()
 7 SYSTEMPATH/CodeIgniter.php(441): CodeIgniter\CodeIgniter->tryToRouteIt(null)
 8 SYSTEMPATH/CodeIgniter.php(340): CodeIgniter\CodeIgniter->handleRequest(null, Object(Config\Cache), false)
 9 SYSTEMPATH/Boot.php(417): CodeIgniter\CodeIgniter->run()
10 SYSTEMPATH/Boot.php(68): CodeIgniter\Boot::runCodeIgniter(Object(CodeIgniter\CodeIgniter))
11 FCPATH/index.php(59): CodeIgniter\Boot::bootWeb(Object(Config\Paths))
WARNING - 2026-05-11 16:29:08 --> [DEPRECATED] Passing lowercase HTTP method "get" is deprecated. Use uppercase HTTP method like "GET". in SYSTEMPATH/Router/RouteCollection.php on line 1026.
 1 SYSTEMPATH/Router/RouteCollection.php(1026): trigger_error('Passing lowercase HTTP method "get" is deprecated. Use uppercase HTTP method like "GET".', 16384)
 2 APPPATH/Config/Routes.php(64): CodeIgniter\Router\RouteCollection->match([...], 'sport/create', '\\App\\Controllers\\Activites\\ActiviteController::create')
 3 SYSTEMPATH/Router/RouteCollection.php(799): CodeIgniter\Router\RouteCollection->{closure}(Object(CodeIgniter\Router\RouteCollection))
 4 APPPATH/Config/Routes.php(56): CodeIgniter\Router\RouteCollection->group('admin', [...], Object(Closure))
 5 SYSTEMPATH/Router/RouteCollection.php(339): require('/home/angeli/Asa/MrRojo/Regime/app/Config/Routes.php')
 6 SYSTEMPATH/CodeIgniter.php(818): CodeIgniter\Router\RouteCollection->loadRoutes()
 7 SYSTEMPATH/CodeIgniter.php(441): CodeIgniter\CodeIgniter->tryToRouteIt(null)
 8 SYSTEMPATH/CodeIgniter.php(340): CodeIgniter\CodeIgniter->handleRequest(null, Object(Config\Cache), false)
 9 SYSTEMPATH/Boot.php(417): CodeIgniter\CodeIgniter->run()
10 SYSTEMPATH/Boot.php(68): CodeIgniter\Boot::runCodeIgniter(Object(CodeIgniter\CodeIgniter))
11 FCPATH/index.php(59): CodeIgniter\Boot::bootWeb(Object(Config\Paths))
WARNING - 2026-05-11 16:29:08 --> [DEPRECATED] Passing lowercase HTTP method "post" is deprecated. Use uppercase HTTP method like "POST". in SYSTEMPATH/Router/RouteCollection.php on line 1026.
 1 SYSTEMPATH/Router/RouteCollection.php(1026): trigger_error('Passing lowercase HTTP method "post" is deprecated. Use uppercase HTTP method like "POST".', 16384)
 2 APPPATH/Config/Routes.php(64): CodeIgniter\Router\RouteCollection->match([...], 'sport/create', '\\App\\Controllers\\Activites\\ActiviteController::create')
 3 SYSTEMPATH/Router/RouteCollection.php(799): CodeIgniter\Router\RouteCollection->{closure}(Object(CodeIgniter\Router\RouteCollection))
 4 APPPATH/Config/Routes.php(56): CodeIgniter\Router\RouteCollection->group('admin', [...], Object(Closure))
 5 SYSTEMPATH/Router/RouteCollection.php(339): require('/home/angeli/Asa/MrRojo/Regime/app/Config/Routes.php')
 6 SYSTEMPATH/CodeIgniter.php(818): CodeIgniter\Router\RouteCollection->loadRoutes()
 7 SYSTEMPATH/CodeIgniter.php(441): CodeIgniter\CodeIgniter->tryToRouteIt(null)
 8 SYSTEMPATH/CodeIgniter.php(340): CodeIgniter\CodeIgniter->handleRequest(null, Object(Config\Cache), false)
 9 SYSTEMPATH/Boot.php(417): CodeIgniter\CodeIgniter->run()
10 SYSTEMPATH/Boot.php(68): CodeIgniter\Boot::runCodeIgniter(Object(CodeIgniter\CodeIgniter))
11 FCPATH/index.php(59): CodeIgniter\Boot::bootWeb(Object(Config\Paths))
WARNING - 2026-05-11 16:29:08 --> [DEPRECATED] Passing lowercase HTTP method "get" is deprecated. Use uppercase HTTP method like "GET". in SYSTEMPATH/Router/RouteCollection.php on line 1026.
 1 SYSTEMPATH/Router/RouteCollection.php(1026): trigger_error('Passing lowercase HTTP method "get" is deprecated. Use uppercase HTTP method like "GET".', 16384)
 2 APPPATH/Config/Routes.php(65): CodeIgniter\Router\RouteCollection->match([...], 'sport/edit/(:num)', '\\App\\Controllers\\Activites\\ActiviteController::edit/$1')
 3 SYSTEMPATH/Router/RouteCollection.php(799): CodeIgniter\Router\RouteCollection->{closure}(Object(CodeIgniter\Router\RouteCollection))
 4 APPPATH/Config/Routes.php(56): CodeIgniter\Router\RouteCollection->group('admin', [...], Object(Closure))
 5 SYSTEMPATH/Router/RouteCollection.php(339): require('/home/angeli/Asa/MrRojo/Regime/app/Config/Routes.php')
 6 SYSTEMPATH/CodeIgniter.php(818): CodeIgniter\Router\RouteCollection->loadRoutes()
 7 SYSTEMPATH/CodeIgniter.php(441): CodeIgniter\CodeIgniter->tryToRouteIt(null)
 8 SYSTEMPATH/CodeIgniter.php(340): CodeIgniter\CodeIgniter->handleRequest(null, Object(Config\Cache), false)
 9 SYSTEMPATH/Boot.php(417): CodeIgniter\CodeIgniter->run()
10 SYSTEMPATH/Boot.php(68): CodeIgniter\Boot::runCodeIgniter(Object(CodeIgniter\CodeIgniter))
11 FCPATH/index.php(59): CodeIgniter\Boot::bootWeb(Object(Config\Paths))
WARNING - 2026-05-11 16:29:08 --> [DEPRECATED] Passing lowercase HTTP method "post" is deprecated. Use uppercase HTTP method like "POST". in SYSTEMPATH/Router/RouteCollection.php on line 1026.
 1 SYSTEMPATH/Router/RouteCollection.php(1026): trigger_error('Passing lowercase HTTP method "post" is deprecated. Use uppercase HTTP method like "POST".', 16384)
 2 APPPATH/Config/Routes.php(65): CodeIgniter\Router\RouteCollection->match([...], 'sport/edit/(:num)', '\\App\\Controllers\\Activites\\ActiviteController::edit/$1')
 3 SYSTEMPATH/Router/RouteCollection.php(799): CodeIgniter\Router\RouteCollection->{closure}(Object(CodeIgniter\Router\RouteCollection))
 4 APPPATH/Config/Routes.php(56): CodeIgniter\Router\RouteCollection->group('admin', [...], Object(Closure))
 5 SYSTEMPATH/Router/RouteCollection.php(339): require('/home/angeli/Asa/MrRojo/Regime/app/Config/Routes.php')
 6 SYSTEMPATH/CodeIgniter.php(818): CodeIgniter\Router\RouteCollection->loadRoutes()
 7 SYSTEMPATH/CodeIgniter.php(441): CodeIgniter\CodeIgniter->tryToRouteIt(null)
 8 SYSTEMPATH/CodeIgniter.php(340): CodeIgniter\CodeIgniter->handleRequest(null, Object(Config\Cache), false)
 9 SYSTEMPATH/Boot.php(417): CodeIgniter\CodeIgniter->run()
10 SYSTEMPATH/Boot.php(68): CodeIgniter\Boot::runCodeIgniter(Object(CodeIgniter\CodeIgniter))
11 FCPATH/index.php(59): CodeIgniter\Boot::bootWeb(Object(Config\Paths))
DEBUG - 2026-05-11 16:29:08 --> Session: Class initialized using 'CodeIgniter\Session\Handlers\FileHandler' driver.
WARNING - 2026-05-11 16:29:10 --> [DEPRECATED] Passing lowercase HTTP method "get" is deprecated. Use uppercase HTTP method like "GET". in SYSTEMPATH/Router/RouteCollection.php on line 1026.
 1 SYSTEMPATH/Router/RouteCollection.php(1026): trigger_error('Passing lowercase HTTP method "get" is deprecated. Use uppercase HTTP method like "GET".', 16384)
 2 APPPATH/Config/Routes.php(59): CodeIgniter\Router\RouteCollection->match([...], 'regime/create', '\\App\\Controllers\\Regimes\\RegimeController::create')
 3 SYSTEMPATH/Router/RouteCollection.php(799): CodeIgniter\Router\RouteCollection->{closure}(Object(CodeIgniter\Router\RouteCollection))
 4 APPPATH/Config/Routes.php(56): CodeIgniter\Router\RouteCollection->group('admin', [...], Object(Closure))
 5 SYSTEMPATH/Router/RouteCollection.php(339): require('/home/angeli/Asa/MrRojo/Regime/app/Config/Routes.php')
 6 SYSTEMPATH/CodeIgniter.php(818): CodeIgniter\Router\RouteCollection->loadRoutes()
 7 SYSTEMPATH/CodeIgniter.php(441): CodeIgniter\CodeIgniter->tryToRouteIt(null)
 8 SYSTEMPATH/CodeIgniter.php(340): CodeIgniter\CodeIgniter->handleRequest(null, Object(Config\Cache), false)
 9 SYSTEMPATH/Boot.php(417): CodeIgniter\CodeIgniter->run()
10 SYSTEMPATH/Boot.php(68): CodeIgniter\Boot::runCodeIgniter(Object(CodeIgniter\CodeIgniter))
11 FCPATH/index.php(59): CodeIgniter\Boot::bootWeb(Object(Config\Paths))
WARNING - 2026-05-11 16:29:10 --> [DEPRECATED] Passing lowercase HTTP method "post" is deprecated. Use uppercase HTTP method like "POST". in SYSTEMPATH/Router/RouteCollection.php on line 1026.
 1 SYSTEMPATH/Router/RouteCollection.php(1026): trigger_error('Passing lowercase HTTP method "post" is deprecated. Use uppercase HTTP method like "POST".', 16384)
 2 APPPATH/Config/Routes.php(59): CodeIgniter\Router\RouteCollection->match([...], 'regime/create', '\\App\\Controllers\\Regimes\\RegimeController::create')
 3 SYSTEMPATH/Router/RouteCollection.php(799): CodeIgniter\Router\RouteCollection->{closure}(Object(CodeIgniter\Router\RouteCollection))
 4 APPPATH/Config/Routes.php(56): CodeIgniter\Router\RouteCollection->group('admin', [...], Object(Closure))
 5 SYSTEMPATH/Router/RouteCollection.php(339): require('/home/angeli/Asa/MrRojo/Regime/app/Config/Routes.php')
 6 SYSTEMPATH/CodeIgniter.php(818): CodeIgniter\Router\RouteCollection->loadRoutes()
 7 SYSTEMPATH/CodeIgniter.php(441): CodeIgniter\CodeIgniter->tryToRouteIt(null)
 8 SYSTEMPATH/CodeIgniter.php(340): CodeIgniter\CodeIgniter->handleRequest(null, Object(Config\Cache), false)
 9 SYSTEMPATH/Boot.php(417): CodeIgniter\CodeIgniter->run()
10 SYSTEMPATH/Boot.php(68): CodeIgniter\Boot::runCodeIgniter(Object(CodeIgniter\CodeIgniter))
11 FCPATH/index.php(59): CodeIgniter\Boot::bootWeb(Object(Config\Paths))
WARNING - 2026-05-11 16:29:10 --> [DEPRECATED] Passing lowercase HTTP method "get" is deprecated. Use uppercase HTTP method like "GET". in SYSTEMPATH/Router/RouteCollection.php on line 1026.
 1 SYSTEMPATH/Router/RouteCollection.php(1026): trigger_error('Passing lowercase HTTP method "get" is deprecated. Use uppercase HTTP method like "GET".', 16384)
 2 APPPATH/Config/Routes.php(60): CodeIgniter\Router\RouteCollection->match([...], 'regime/edit/(:num)', '\\App\\Controllers\\Regimes\\RegimeController::edit/$1')
 3 SYSTEMPATH/Router/RouteCollection.php(799): CodeIgniter\Router\RouteCollection->{closure}(Object(CodeIgniter\Router\RouteCollection))
 4 APPPATH/Config/Routes.php(56): CodeIgniter\Router\RouteCollection->group('admin', [...], Object(Closure))
 5 SYSTEMPATH/Router/RouteCollection.php(339): require('/home/angeli/Asa/MrRojo/Regime/app/Config/Routes.php')
 6 SYSTEMPATH/CodeIgniter.php(818): CodeIgniter\Router\RouteCollection->loadRoutes()
 7 SYSTEMPATH/CodeIgniter.php(441): CodeIgniter\CodeIgniter->tryToRouteIt(null)
 8 SYSTEMPATH/CodeIgniter.php(340): CodeIgniter\CodeIgniter->handleRequest(null, Object(Config\Cache), false)
 9 SYSTEMPATH/Boot.php(417): CodeIgniter\CodeIgniter->run()
10 SYSTEMPATH/Boot.php(68): CodeIgniter\Boot::runCodeIgniter(Object(CodeIgniter\CodeIgniter))
11 FCPATH/index.php(59): CodeIgniter\Boot::bootWeb(Object(Config\Paths))
WARNING - 2026-05-11 16:29:10 --> [DEPRECATED] Passing lowercase HTTP method "post" is deprecated. Use uppercase HTTP method like "POST". in SYSTEMPATH/Router/RouteCollection.php on line 1026.
 1 SYSTEMPATH/Router/RouteCollection.php(1026): trigger_error('Passing lowercase HTTP method "post" is deprecated. Use uppercase HTTP method like "POST".', 16384)
 2 APPPATH/Config/Routes.php(60): CodeIgniter\Router\RouteCollection->match([...], 'regime/edit/(:num)', '\\App\\Controllers\\Regimes\\RegimeController::edit/$1')
 3 SYSTEMPATH/Router/RouteCollection.php(799): CodeIgniter\Router\RouteCollection->{closure}(Object(CodeIgniter\Router\RouteCollection))
 4 APPPATH/Config/Routes.php(56): CodeIgniter\Router\RouteCollection->group('admin', [...], Object(Closure))
 5 SYSTEMPATH/Router/RouteCollection.php(339): require('/home/angeli/Asa/MrRojo/Regime/app/Config/Routes.php')
 6 SYSTEMPATH/CodeIgniter.php(818): CodeIgniter\Router\RouteCollection->loadRoutes()
 7 SYSTEMPATH/CodeIgniter.php(441): CodeIgniter\CodeIgniter->tryToRouteIt(null)
 8 SYSTEMPATH/CodeIgniter.php(340): CodeIgniter\CodeIgniter->handleRequest(null, Object(Config\Cache), false)
 9 SYSTEMPATH/Boot.php(417): CodeIgniter\CodeIgniter->run()
10 SYSTEMPATH/Boot.php(68): CodeIgniter\Boot::runCodeIgniter(Object(CodeIgniter\CodeIgniter))
11 FCPATH/index.php(59): CodeIgniter\Boot::bootWeb(Object(Config\Paths))
WARNING - 2026-05-11 16:29:10 --> [DEPRECATED] Passing lowercase HTTP method "get" is deprecated. Use uppercase HTTP method like "GET". in SYSTEMPATH/Router/RouteCollection.php on line 1026.
 1 SYSTEMPATH/Router/RouteCollection.php(1026): trigger_error('Passing lowercase HTTP method "get" is deprecated. Use uppercase HTTP method like "GET".', 16384)
 2 APPPATH/Config/Routes.php(64): CodeIgniter\Router\RouteCollection->match([...], 'sport/create', '\\App\\Controllers\\Activites\\ActiviteController::create')
 3 SYSTEMPATH/Router/RouteCollection.php(799): CodeIgniter\Router\RouteCollection->{closure}(Object(CodeIgniter\Router\RouteCollection))
 4 APPPATH/Config/Routes.php(56): CodeIgniter\Router\RouteCollection->group('admin', [...], Object(Closure))
 5 SYSTEMPATH/Router/RouteCollection.php(339): require('/home/angeli/Asa/MrRojo/Regime/app/Config/Routes.php')
 6 SYSTEMPATH/CodeIgniter.php(818): CodeIgniter\Router\RouteCollection->loadRoutes()
 7 SYSTEMPATH/CodeIgniter.php(441): CodeIgniter\CodeIgniter->tryToRouteIt(null)
 8 SYSTEMPATH/CodeIgniter.php(340): CodeIgniter\CodeIgniter->handleRequest(null, Object(Config\Cache), false)
 9 SYSTEMPATH/Boot.php(417): CodeIgniter\CodeIgniter->run()
10 SYSTEMPATH/Boot.php(68): CodeIgniter\Boot::runCodeIgniter(Object(CodeIgniter\CodeIgniter))
11 FCPATH/index.php(59): CodeIgniter\Boot::bootWeb(Object(Config\Paths))
WARNING - 2026-05-11 16:29:10 --> [DEPRECATED] Passing lowercase HTTP method "post" is deprecated. Use uppercase HTTP method like "POST". in SYSTEMPATH/Router/RouteCollection.php on line 1026.
 1 SYSTEMPATH/Router/RouteCollection.php(1026): trigger_error('Passing lowercase HTTP method "post" is deprecated. Use uppercase HTTP method like "POST".', 16384)
 2 APPPATH/Config/Routes.php(64): CodeIgniter\Router\RouteCollection->match([...], 'sport/create', '\\App\\Controllers\\Activites\\ActiviteController::create')
 3 SYSTEMPATH/Router/RouteCollection.php(799): CodeIgniter\Router\RouteCollection->{closure}(Object(CodeIgniter\Router\RouteCollection))
 4 APPPATH/Config/Routes.php(56): CodeIgniter\Router\RouteCollection->group('admin', [...], Object(Closure))
 5 SYSTEMPATH/Router/RouteCollection.php(339): require('/home/angeli/Asa/MrRojo/Regime/app/Config/Routes.php')
 6 SYSTEMPATH/CodeIgniter.php(818): CodeIgniter\Router\RouteCollection->loadRoutes()
 7 SYSTEMPATH/CodeIgniter.php(441): CodeIgniter\CodeIgniter->tryToRouteIt(null)
 8 SYSTEMPATH/CodeIgniter.php(340): CodeIgniter\CodeIgniter->handleRequest(null, Object(Config\Cache), false)
 9 SYSTEMPATH/Boot.php(417): CodeIgniter\CodeIgniter->run()
10 SYSTEMPATH/Boot.php(68): CodeIgniter\Boot::runCodeIgniter(Object(CodeIgniter\CodeIgniter))
11 FCPATH/index.php(59): CodeIgniter\Boot::bootWeb(Object(Config\Paths))
WARNING - 2026-05-11 16:29:10 --> [DEPRECATED] Passing lowercase HTTP method "get" is deprecated. Use uppercase HTTP method like "GET". in SYSTEMPATH/Router/RouteCollection.php on line 1026.
 1 SYSTEMPATH/Router/RouteCollection.php(1026): trigger_error('Passing lowercase HTTP method "get" is deprecated. Use uppercase HTTP method like "GET".', 16384)
 2 APPPATH/Config/Routes.php(65): CodeIgniter\Router\RouteCollection->match([...], 'sport/edit/(:num)', '\\App\\Controllers\\Activites\\ActiviteController::edit/$1')
 3 SYSTEMPATH/Router/RouteCollection.php(799): CodeIgniter\Router\RouteCollection->{closure}(Object(CodeIgniter\Router\RouteCollection))
 4 APPPATH/Config/Routes.php(56): CodeIgniter\Router\RouteCollection->group('admin', [...], Object(Closure))
 5 SYSTEMPATH/Router/RouteCollection.php(339): require('/home/angeli/Asa/MrRojo/Regime/app/Config/Routes.php')
 6 SYSTEMPATH/CodeIgniter.php(818): CodeIgniter\Router\RouteCollection->loadRoutes()
 7 SYSTEMPATH/CodeIgniter.php(441): CodeIgniter\CodeIgniter->tryToRouteIt(null)
 8 SYSTEMPATH/CodeIgniter.php(340): CodeIgniter\CodeIgniter->handleRequest(null, Object(Config\Cache), false)
 9 SYSTEMPATH/Boot.php(417): CodeIgniter\CodeIgniter->run()
10 SYSTEMPATH/Boot.php(68): CodeIgniter\Boot::runCodeIgniter(Object(CodeIgniter\CodeIgniter))
11 FCPATH/index.php(59): CodeIgniter\Boot::bootWeb(Object(Config\Paths))
WARNING - 2026-05-11 16:29:10 --> [DEPRECATED] Passing lowercase HTTP method "post" is deprecated. Use uppercase HTTP method like "POST". in SYSTEMPATH/Router/RouteCollection.php on line 1026.
 1 SYSTEMPATH/Router/RouteCollection.php(1026): trigger_error('Passing lowercase HTTP method "post" is deprecated. Use uppercase HTTP method like "POST".', 16384)
 2 APPPATH/Config/Routes.php(65): CodeIgniter\Router\RouteCollection->match([...], 'sport/edit/(:num)', '\\App\\Controllers\\Activites\\ActiviteController::edit/$1')
 3 SYSTEMPATH/Router/RouteCollection.php(799): CodeIgniter\Router\RouteCollection->{closure}(Object(CodeIgniter\Router\RouteCollection))
 4 APPPATH/Config/Routes.php(56): CodeIgniter\Router\RouteCollection->group('admin', [...], Object(Closure))
 5 SYSTEMPATH/Router/RouteCollection.php(339): require('/home/angeli/Asa/MrRojo/Regime/app/Config/Routes.php')
 6 SYSTEMPATH/CodeIgniter.php(818): CodeIgniter\Router\RouteCollection->loadRoutes()
 7 SYSTEMPATH/CodeIgniter.php(441): CodeIgniter\CodeIgniter->tryToRouteIt(null)
 8 SYSTEMPATH/CodeIgniter.php(340): CodeIgniter\CodeIgniter->handleRequest(null, Object(Config\Cache), false)
 9 SYSTEMPATH/Boot.php(417): CodeIgniter\CodeIgniter->run()
10 SYSTEMPATH/Boot.php(68): CodeIgniter\Boot::runCodeIgniter(Object(CodeIgniter\CodeIgniter))
11 FCPATH/index.php(59): CodeIgniter\Boot::bootWeb(Object(Config\Paths))
ERROR - 2026-05-11 16:29:10 --> Error connecting to the database: mysqli_sql_exception: No such file or directory in /home/angeli/Asa/MrRojo/Regime/system/Database/MySQLi/Connection.php:201
Stack trace:
#0 /home/angeli/Asa/MrRojo/Regime/system/Database/MySQLi/Connection.php(201): mysqli->real_connect()
#1 /home/angeli/Asa/MrRojo/Regime/system/Database/BaseConnection.php(555): CodeIgniter\Database\MySQLi\Connection->connect()
#2 /home/angeli/Asa/MrRojo/Regime/system/Database/BaseConnection.php(795): CodeIgniter\Database\BaseConnection->initialize()
#3 /home/angeli/Asa/MrRojo/Regime/system/Database/BaseBuilder.php(1649): CodeIgniter\Database\BaseConnection->query()
#4 /home/angeli/Asa/MrRojo/Regime/system/Model.php(253): CodeIgniter\Database\BaseBuilder->get()
#5 /home/angeli/Asa/MrRojo/Regime/system/BaseModel.php(676): CodeIgniter\Model->doFindAll()
#6 /home/angeli/Asa/MrRojo/Regime/app/Controllers/Auth/AuthController.php(76): CodeIgniter\BaseModel->findAll()
#7 /home/angeli/Asa/MrRojo/Regime/system/CodeIgniter.php(951): App\Controllers\Auth\AuthController->registerStep1()
#8 /home/angeli/Asa/MrRojo/Regime/system/CodeIgniter.php(497): CodeIgniter\CodeIgniter->runController()
#9 /home/angeli/Asa/MrRojo/Regime/system/CodeIgniter.php(340): CodeIgniter\CodeIgniter->handleRequest()
#10 /home/angeli/Asa/MrRojo/Regime/system/Boot.php(417): CodeIgniter\CodeIgniter->run()
#11 /home/angeli/Asa/MrRojo/Regime/system/Boot.php(68): CodeIgniter\Boot::runCodeIgniter()
#12 /home/angeli/Asa/MrRojo/Regime/public/index.php(59): CodeIgniter\Boot::bootWeb()
#13 {main}

Next CodeIgniter\Database\Exceptions\DatabaseException: No such file or directory in /home/angeli/Asa/MrRojo/Regime/system/Database/MySQLi/Connection.php:231
Stack trace:
#0 /home/angeli/Asa/MrRojo/Regime/system/Database/BaseConnection.php(555): CodeIgniter\Database\MySQLi\Connection->connect()
#1 /home/angeli/Asa/MrRojo/Regime/system/Database/BaseConnection.php(795): CodeIgniter\Database\BaseConnection->initialize()
#2 /home/angeli/Asa/MrRojo/Regime/system/Database/BaseBuilder.php(1649): CodeIgniter\Database\BaseConnection->query()
#3 /home/angeli/Asa/MrRojo/Regime/system/Model.php(253): CodeIgniter\Database\BaseBuilder->get()
#4 /home/angeli/Asa/MrRojo/Regime/system/BaseModel.php(676): CodeIgniter\Model->doFindAll()
#5 /home/angeli/Asa/MrRojo/Regime/app/Controllers/Auth/AuthController.php(76): CodeIgniter\BaseModel->findAll()
#6 /home/angeli/Asa/MrRojo/Regime/system/CodeIgniter.php(951): App\Controllers\Auth\AuthController->registerStep1()
#7 /home/angeli/Asa/MrRojo/Regime/system/CodeIgniter.php(497): CodeIgniter\CodeIgniter->runController()
#8 /home/angeli/Asa/MrRojo/Regime/system/CodeIgniter.php(340): CodeIgniter\CodeIgniter->handleRequest()
#9 /home/angeli/Asa/MrRojo/Regime/system/Boot.php(417): CodeIgniter\CodeIgniter->run()
#10 /home/angeli/Asa/MrRojo/Regime/system/Boot.php(68): CodeIgniter\Boot::runCodeIgniter()
#11 /home/angeli/Asa/MrRojo/Regime/public/index.php(59): CodeIgniter\Boot::bootWeb()
#12 {main}
CRITICAL - 2026-05-11 16:29:10 --> CodeIgniter\Database\Exceptions\DatabaseException: Unable to connect to the database.
Main connection [MySQLi]: No such file or directory
[Method: GET, Route: register/step1]
in SYSTEMPATH/Database/BaseConnection.php on line 606.
 1 SYSTEMPATH/Database/BaseConnection.php(795): CodeIgniter\Database\BaseConnection->initialize()
 2 SYSTEMPATH/Database/BaseBuilder.php(1649): CodeIgniter\Database\BaseConnection->query()
 3 SYSTEMPATH/Model.php(253): CodeIgniter\Database\BaseBuilder->get()
 4 SYSTEMPATH/BaseModel.php(676): CodeIgniter\Model->doFindAll()
 5 APPPATH/Controllers/Auth/AuthController.php(76): CodeIgniter\BaseModel->findAll()
 6 SYSTEMPATH/CodeIgniter.php(951): App\Controllers\Auth\AuthController->registerStep1()
 7 SYSTEMPATH/CodeIgniter.php(497): CodeIgniter\CodeIgniter->runController()
 8 SYSTEMPATH/CodeIgniter.php(340): CodeIgniter\CodeIgniter->handleRequest()
 9 SYSTEMPATH/Boot.php(417): CodeIgniter\CodeIgniter->run()
10 SYSTEMPATH/Boot.php(68): CodeIgniter\Boot::runCodeIgniter()
11 FCPATH/index.php(59): CodeIgniter\Boot::bootWeb()
WARNING - 2026-05-11 16:30:14 --> [DEPRECATED] Passing lowercase HTTP method "get" is deprecated. Use uppercase HTTP method like "GET". in SYSTEMPATH/Router/RouteCollection.php on line 1026.
 1 SYSTEMPATH/Router/RouteCollection.php(1026): trigger_error('Passing lowercase HTTP method "get" is deprecated. Use uppercase HTTP method like "GET".', 16384)
 2 APPPATH/Config/Routes.php(59): CodeIgniter\Router\RouteCollection->match([...], 'regime/create', '\\App\\Controllers\\Regimes\\RegimeController::create')
 3 SYSTEMPATH/Router/RouteCollection.php(799): CodeIgniter\Router\RouteCollection->{closure}(Object(CodeIgniter\Router\RouteCollection))
 4 APPPATH/Config/Routes.php(56): CodeIgniter\Router\RouteCollection->group('admin', [...], Object(Closure))
 5 SYSTEMPATH/Router/RouteCollection.php(339): require('/home/angeli/Asa/MrRojo/Regime/app/Config/Routes.php')
 6 SYSTEMPATH/CodeIgniter.php(818): CodeIgniter\Router\RouteCollection->loadRoutes()
 7 SYSTEMPATH/CodeIgniter.php(441): CodeIgniter\CodeIgniter->tryToRouteIt(null)
 8 SYSTEMPATH/CodeIgniter.php(340): CodeIgniter\CodeIgniter->handleRequest(null, Object(Config\Cache), false)
 9 SYSTEMPATH/Boot.php(417): CodeIgniter\CodeIgniter->run()
10 SYSTEMPATH/Boot.php(68): CodeIgniter\Boot::runCodeIgniter(Object(CodeIgniter\CodeIgniter))
11 FCPATH/index.php(59): CodeIgniter\Boot::bootWeb(Object(Config\Paths))
WARNING - 2026-05-11 16:30:14 --> [DEPRECATED] Passing lowercase HTTP method "post" is deprecated. Use uppercase HTTP method like "POST". in SYSTEMPATH/Router/RouteCollection.php on line 1026.
 1 SYSTEMPATH/Router/RouteCollection.php(1026): trigger_error('Passing lowercase HTTP method "post" is deprecated. Use uppercase HTTP method like "POST".', 16384)
 2 APPPATH/Config/Routes.php(59): CodeIgniter\Router\RouteCollection->match([...], 'regime/create', '\\App\\Controllers\\Regimes\\RegimeController::create')
 3 SYSTEMPATH/Router/RouteCollection.php(799): CodeIgniter\Router\RouteCollection->{closure}(Object(CodeIgniter\Router\RouteCollection))
 4 APPPATH/Config/Routes.php(56): CodeIgniter\Router\RouteCollection->group('admin', [...], Object(Closure))
 5 SYSTEMPATH/Router/RouteCollection.php(339): require('/home/angeli/Asa/MrRojo/Regime/app/Config/Routes.php')
 6 SYSTEMPATH/CodeIgniter.php(818): CodeIgniter\Router\RouteCollection->loadRoutes()
 7 SYSTEMPATH/CodeIgniter.php(441): CodeIgniter\CodeIgniter->tryToRouteIt(null)
 8 SYSTEMPATH/CodeIgniter.php(340): CodeIgniter\CodeIgniter->handleRequest(null, Object(Config\Cache), false)
 9 SYSTEMPATH/Boot.php(417): CodeIgniter\CodeIgniter->run()
10 SYSTEMPATH/Boot.php(68): CodeIgniter\Boot::runCodeIgniter(Object(CodeIgniter\CodeIgniter))
11 FCPATH/index.php(59): CodeIgniter\Boot::bootWeb(Object(Config\Paths))
WARNING - 2026-05-11 16:30:14 --> [DEPRECATED] Passing lowercase HTTP method "get" is deprecated. Use uppercase HTTP method like "GET". in SYSTEMPATH/Router/RouteCollection.php on line 1026.
 1 SYSTEMPATH/Router/RouteCollection.php(1026): trigger_error('Passing lowercase HTTP method "get" is deprecated. Use uppercase HTTP method like "GET".', 16384)
 2 APPPATH/Config/Routes.php(60): CodeIgniter\Router\RouteCollection->match([...], 'regime/edit/(:num)', '\\App\\Controllers\\Regimes\\RegimeController::edit/$1')
 3 SYSTEMPATH/Router/RouteCollection.php(799): CodeIgniter\Router\RouteCollection->{closure}(Object(CodeIgniter\Router\RouteCollection))
 4 APPPATH/Config/Routes.php(56): CodeIgniter\Router\RouteCollection->group('admin', [...], Object(Closure))
 5 SYSTEMPATH/Router/RouteCollection.php(339): require('/home/angeli/Asa/MrRojo/Regime/app/Config/Routes.php')
 6 SYSTEMPATH/CodeIgniter.php(818): CodeIgniter\Router\RouteCollection->loadRoutes()
 7 SYSTEMPATH/CodeIgniter.php(441): CodeIgniter\CodeIgniter->tryToRouteIt(null)
 8 SYSTEMPATH/CodeIgniter.php(340): CodeIgniter\CodeIgniter->handleRequest(null, Object(Config\Cache), false)
 9 SYSTEMPATH/Boot.php(417): CodeIgniter\CodeIgniter->run()
10 SYSTEMPATH/Boot.php(68): CodeIgniter\Boot::runCodeIgniter(Object(CodeIgniter\CodeIgniter))
11 FCPATH/index.php(59): CodeIgniter\Boot::bootWeb(Object(Config\Paths))
WARNING - 2026-05-11 16:30:14 --> [DEPRECATED] Passing lowercase HTTP method "post" is deprecated. Use uppercase HTTP method like "POST". in SYSTEMPATH/Router/RouteCollection.php on line 1026.
 1 SYSTEMPATH/Router/RouteCollection.php(1026): trigger_error('Passing lowercase HTTP method "post" is deprecated. Use uppercase HTTP method like "POST".', 16384)
 2 APPPATH/Config/Routes.php(60): CodeIgniter\Router\RouteCollection->match([...], 'regime/edit/(:num)', '\\App\\Controllers\\Regimes\\RegimeController::edit/$1')
 3 SYSTEMPATH/Router/RouteCollection.php(799): CodeIgniter\Router\RouteCollection->{closure}(Object(CodeIgniter\Router\RouteCollection))
 4 APPPATH/Config/Routes.php(56): CodeIgniter\Router\RouteCollection->group('admin', [...], Object(Closure))
 5 SYSTEMPATH/Router/RouteCollection.php(339): require('/home/angeli/Asa/MrRojo/Regime/app/Config/Routes.php')
 6 SYSTEMPATH/CodeIgniter.php(818): CodeIgniter\Router\RouteCollection->loadRoutes()
 7 SYSTEMPATH/CodeIgniter.php(441): CodeIgniter\CodeIgniter->tryToRouteIt(null)
 8 SYSTEMPATH/CodeIgniter.php(340): CodeIgniter\CodeIgniter->handleRequest(null, Object(Config\Cache), false)
 9 SYSTEMPATH/Boot.php(417): CodeIgniter\CodeIgniter->run()
10 SYSTEMPATH/Boot.php(68): CodeIgniter\Boot::runCodeIgniter(Object(CodeIgniter\CodeIgniter))
11 FCPATH/index.php(59): CodeIgniter\Boot::bootWeb(Object(Config\Paths))
WARNING - 2026-05-11 16:30:14 --> [DEPRECATED] Passing lowercase HTTP method "get" is deprecated. Use uppercase HTTP method like "GET". in SYSTEMPATH/Router/RouteCollection.php on line 1026.
 1 SYSTEMPATH/Router/RouteCollection.php(1026): trigger_error('Passing lowercase HTTP method "get" is deprecated. Use uppercase HTTP method like "GET".', 16384)
 2 APPPATH/Config/Routes.php(64): CodeIgniter\Router\RouteCollection->match([...], 'sport/create', '\\App\\Controllers\\Activites\\ActiviteController::create')
 3 SYSTEMPATH/Router/RouteCollection.php(799): CodeIgniter\Router\RouteCollection->{closure}(Object(CodeIgniter\Router\RouteCollection))
 4 APPPATH/Config/Routes.php(56): CodeIgniter\Router\RouteCollection->group('admin', [...], Object(Closure))
 5 SYSTEMPATH/Router/RouteCollection.php(339): require('/home/angeli/Asa/MrRojo/Regime/app/Config/Routes.php')
 6 SYSTEMPATH/CodeIgniter.php(818): CodeIgniter\Router\RouteCollection->loadRoutes()
 7 SYSTEMPATH/CodeIgniter.php(441): CodeIgniter\CodeIgniter->tryToRouteIt(null)
 8 SYSTEMPATH/CodeIgniter.php(340): CodeIgniter\CodeIgniter->handleRequest(null, Object(Config\Cache), false)
 9 SYSTEMPATH/Boot.php(417): CodeIgniter\CodeIgniter->run()
10 SYSTEMPATH/Boot.php(68): CodeIgniter\Boot::runCodeIgniter(Object(CodeIgniter\CodeIgniter))
11 FCPATH/index.php(59): CodeIgniter\Boot::bootWeb(Object(Config\Paths))
WARNING - 2026-05-11 16:30:14 --> [DEPRECATED] Passing lowercase HTTP method "post" is deprecated. Use uppercase HTTP method like "POST". in SYSTEMPATH/Router/RouteCollection.php on line 1026.
 1 SYSTEMPATH/Router/RouteCollection.php(1026): trigger_error('Passing lowercase HTTP method "post" is deprecated. Use uppercase HTTP method like "POST".', 16384)
 2 APPPATH/Config/Routes.php(64): CodeIgniter\Router\RouteCollection->match([...], 'sport/create', '\\App\\Controllers\\Activites\\ActiviteController::create')
 3 SYSTEMPATH/Router/RouteCollection.php(799): CodeIgniter\Router\RouteCollection->{closure}(Object(CodeIgniter\Router\RouteCollection))
 4 APPPATH/Config/Routes.php(56): CodeIgniter\Router\RouteCollection->group('admin', [...], Object(Closure))
 5 SYSTEMPATH/Router/RouteCollection.php(339): require('/home/angeli/Asa/MrRojo/Regime/app/Config/Routes.php')
 6 SYSTEMPATH/CodeIgniter.php(818): CodeIgniter\Router\RouteCollection->loadRoutes()
 7 SYSTEMPATH/CodeIgniter.php(441): CodeIgniter\CodeIgniter->tryToRouteIt(null)
 8 SYSTEMPATH/CodeIgniter.php(340): CodeIgniter\CodeIgniter->handleRequest(null, Object(Config\Cache), false)
 9 SYSTEMPATH/Boot.php(417): CodeIgniter\CodeIgniter->run()
10 SYSTEMPATH/Boot.php(68): CodeIgniter\Boot::runCodeIgniter(Object(CodeIgniter\CodeIgniter))
11 FCPATH/index.php(59): CodeIgniter\Boot::bootWeb(Object(Config\Paths))
WARNING - 2026-05-11 16:30:14 --> [DEPRECATED] Passing lowercase HTTP method "get" is deprecated. Use uppercase HTTP method like "GET". in SYSTEMPATH/Router/RouteCollection.php on line 1026.
 1 SYSTEMPATH/Router/RouteCollection.php(1026): trigger_error('Passing lowercase HTTP method "get" is deprecated. Use uppercase HTTP method like "GET".', 16384)
 2 APPPATH/Config/Routes.php(65): CodeIgniter\Router\RouteCollection->match([...], 'sport/edit/(:num)', '\\App\\Controllers\\Activites\\ActiviteController::edit/$1')
 3 SYSTEMPATH/Router/RouteCollection.php(799): CodeIgniter\Router\RouteCollection->{closure}(Object(CodeIgniter\Router\RouteCollection))
 4 APPPATH/Config/Routes.php(56): CodeIgniter\Router\RouteCollection->group('admin', [...], Object(Closure))
 5 SYSTEMPATH/Router/RouteCollection.php(339): require('/home/angeli/Asa/MrRojo/Regime/app/Config/Routes.php')
 6 SYSTEMPATH/CodeIgniter.php(818): CodeIgniter\Router\RouteCollection->loadRoutes()
 7 SYSTEMPATH/CodeIgniter.php(441): CodeIgniter\CodeIgniter->tryToRouteIt(null)
 8 SYSTEMPATH/CodeIgniter.php(340): CodeIgniter\CodeIgniter->handleRequest(null, Object(Config\Cache), false)
 9 SYSTEMPATH/Boot.php(417): CodeIgniter\CodeIgniter->run()
10 SYSTEMPATH/Boot.php(68): CodeIgniter\Boot::runCodeIgniter(Object(CodeIgniter\CodeIgniter))
11 FCPATH/index.php(59): CodeIgniter\Boot::bootWeb(Object(Config\Paths))
WARNING - 2026-05-11 16:30:14 --> [DEPRECATED] Passing lowercase HTTP method "post" is deprecated. Use uppercase HTTP method like "POST". in SYSTEMPATH/Router/RouteCollection.php on line 1026.
 1 SYSTEMPATH/Router/RouteCollection.php(1026): trigger_error('Passing lowercase HTTP method "post" is deprecated. Use uppercase HTTP method like "POST".', 16384)
 2 APPPATH/Config/Routes.php(65): CodeIgniter\Router\RouteCollection->match([...], 'sport/edit/(:num)', '\\App\\Controllers\\Activites\\ActiviteController::edit/$1')
 3 SYSTEMPATH/Router/RouteCollection.php(799): CodeIgniter\Router\RouteCollection->{closure}(Object(CodeIgniter\Router\RouteCollection))
 4 APPPATH/Config/Routes.php(56): CodeIgniter\Router\RouteCollection->group('admin', [...], Object(Closure))
 5 SYSTEMPATH/Router/RouteCollection.php(339): require('/home/angeli/Asa/MrRojo/Regime/app/Config/Routes.php')
 6 SYSTEMPATH/CodeIgniter.php(818): CodeIgniter\Router\RouteCollection->loadRoutes()
 7 SYSTEMPATH/CodeIgniter.php(441): CodeIgniter\CodeIgniter->tryToRouteIt(null)
 8 SYSTEMPATH/CodeIgniter.php(340): CodeIgniter\CodeIgniter->handleRequest(null, Object(Config\Cache), false)
 9 SYSTEMPATH/Boot.php(417): CodeIgniter\CodeIgniter->run()
10 SYSTEMPATH/Boot.php(68): CodeIgniter\Boot::runCodeIgniter(Object(CodeIgniter\CodeIgniter))
11 FCPATH/index.php(59): CodeIgniter\Boot::bootWeb(Object(Config\Paths))
DEBUG - 2026-05-11 16:30:14 --> Session: Class initialized using 'CodeIgniter\Session\Handlers\FileHandler' driver.
WARNING - 2026-05-11 16:32:07 --> [DEPRECATED] Passing lowercase HTTP method "get" is deprecated. Use uppercase HTTP method like "GET". in SYSTEMPATH/Router/RouteCollection.php on line 1026.
 1 SYSTEMPATH/Router/RouteCollection.php(1026): trigger_error('Passing lowercase HTTP method "get" is deprecated. Use uppercase HTTP method like "GET".', 16384)
 2 APPPATH/Config/Routes.php(59): CodeIgniter\Router\RouteCollection->match([...], 'regime/create', '\\App\\Controllers\\Regimes\\RegimeController::create')
 3 SYSTEMPATH/Router/RouteCollection.php(799): CodeIgniter\Router\RouteCollection->{closure}(Object(CodeIgniter\Router\RouteCollection))
 4 APPPATH/Config/Routes.php(56): CodeIgniter\Router\RouteCollection->group('admin', [...], Object(Closure))
 5 SYSTEMPATH/Router/RouteCollection.php(339): require('/home/angeli/Asa/MrRojo/Regime/app/Config/Routes.php')
 6 SYSTEMPATH/CodeIgniter.php(818): CodeIgniter\Router\RouteCollection->loadRoutes()
 7 SYSTEMPATH/CodeIgniter.php(441): CodeIgniter\CodeIgniter->tryToRouteIt(null)
 8 SYSTEMPATH/CodeIgniter.php(340): CodeIgniter\CodeIgniter->handleRequest(null, Object(Config\Cache), false)
 9 SYSTEMPATH/Boot.php(417): CodeIgniter\CodeIgniter->run()
10 SYSTEMPATH/Boot.php(68): CodeIgniter\Boot::runCodeIgniter(Object(CodeIgniter\CodeIgniter))
11 FCPATH/index.php(59): CodeIgniter\Boot::bootWeb(Object(Config\Paths))
WARNING - 2026-05-11 16:32:07 --> [DEPRECATED] Passing lowercase HTTP method "post" is deprecated. Use uppercase HTTP method like "POST". in SYSTEMPATH/Router/RouteCollection.php on line 1026.
 1 SYSTEMPATH/Router/RouteCollection.php(1026): trigger_error('Passing lowercase HTTP method "post" is deprecated. Use uppercase HTTP method like "POST".', 16384)
 2 APPPATH/Config/Routes.php(59): CodeIgniter\Router\RouteCollection->match([...], 'regime/create', '\\App\\Controllers\\Regimes\\RegimeController::create')
 3 SYSTEMPATH/Router/RouteCollection.php(799): CodeIgniter\Router\RouteCollection->{closure}(Object(CodeIgniter\Router\RouteCollection))
 4 APPPATH/Config/Routes.php(56): CodeIgniter\Router\RouteCollection->group('admin', [...], Object(Closure))
 5 SYSTEMPATH/Router/RouteCollection.php(339): require('/home/angeli/Asa/MrRojo/Regime/app/Config/Routes.php')
 6 SYSTEMPATH/CodeIgniter.php(818): CodeIgniter\Router\RouteCollection->loadRoutes()
 7 SYSTEMPATH/CodeIgniter.php(441): CodeIgniter\CodeIgniter->tryToRouteIt(null)
 8 SYSTEMPATH/CodeIgniter.php(340): CodeIgniter\CodeIgniter->handleRequest(null, Object(Config\Cache), false)
 9 SYSTEMPATH/Boot.php(417): CodeIgniter\CodeIgniter->run()
10 SYSTEMPATH/Boot.php(68): CodeIgniter\Boot::runCodeIgniter(Object(CodeIgniter\CodeIgniter))
11 FCPATH/index.php(59): CodeIgniter\Boot::bootWeb(Object(Config\Paths))
WARNING - 2026-05-11 16:32:07 --> [DEPRECATED] Passing lowercase HTTP method "get" is deprecated. Use uppercase HTTP method like "GET". in SYSTEMPATH/Router/RouteCollection.php on line 1026.
 1 SYSTEMPATH/Router/RouteCollection.php(1026): trigger_error('Passing lowercase HTTP method "get" is deprecated. Use uppercase HTTP method like "GET".', 16384)
 2 APPPATH/Config/Routes.php(60): CodeIgniter\Router\RouteCollection->match([...], 'regime/edit/(:num)', '\\App\\Controllers\\Regimes\\RegimeController::edit/$1')
 3 SYSTEMPATH/Router/RouteCollection.php(799): CodeIgniter\Router\RouteCollection->{closure}(Object(CodeIgniter\Router\RouteCollection))
 4 APPPATH/Config/Routes.php(56): CodeIgniter\Router\RouteCollection->group('admin', [...], Object(Closure))
 5 SYSTEMPATH/Router/RouteCollection.php(339): require('/home/angeli/Asa/MrRojo/Regime/app/Config/Routes.php')
 6 SYSTEMPATH/CodeIgniter.php(818): CodeIgniter\Router\RouteCollection->loadRoutes()
 7 SYSTEMPATH/CodeIgniter.php(441): CodeIgniter\CodeIgniter->tryToRouteIt(null)
 8 SYSTEMPATH/CodeIgniter.php(340): CodeIgniter\CodeIgniter->handleRequest(null, Object(Config\Cache), false)
 9 SYSTEMPATH/Boot.php(417): CodeIgniter\CodeIgniter->run()
10 SYSTEMPATH/Boot.php(68): CodeIgniter\Boot::runCodeIgniter(Object(CodeIgniter\CodeIgniter))
11 FCPATH/index.php(59): CodeIgniter\Boot::bootWeb(Object(Config\Paths))
WARNING - 2026-05-11 16:32:07 --> [DEPRECATED] Passing lowercase HTTP method "post" is deprecated. Use uppercase HTTP method like "POST". in SYSTEMPATH/Router/RouteCollection.php on line 1026.
 1 SYSTEMPATH/Router/RouteCollection.php(1026): trigger_error('Passing lowercase HTTP method "post" is deprecated. Use uppercase HTTP method like "POST".', 16384)
 2 APPPATH/Config/Routes.php(60): CodeIgniter\Router\RouteCollection->match([...], 'regime/edit/(:num)', '\\App\\Controllers\\Regimes\\RegimeController::edit/$1')
 3 SYSTEMPATH/Router/RouteCollection.php(799): CodeIgniter\Router\RouteCollection->{closure}(Object(CodeIgniter\Router\RouteCollection))
 4 APPPATH/Config/Routes.php(56): CodeIgniter\Router\RouteCollection->group('admin', [...], Object(Closure))
 5 SYSTEMPATH/Router/RouteCollection.php(339): require('/home/angeli/Asa/MrRojo/Regime/app/Config/Routes.php')
 6 SYSTEMPATH/CodeIgniter.php(818): CodeIgniter\Router\RouteCollection->loadRoutes()
 7 SYSTEMPATH/CodeIgniter.php(441): CodeIgniter\CodeIgniter->tryToRouteIt(null)
 8 SYSTEMPATH/CodeIgniter.php(340): CodeIgniter\CodeIgniter->handleRequest(null, Object(Config\Cache), false)
 9 SYSTEMPATH/Boot.php(417): CodeIgniter\CodeIgniter->run()
10 SYSTEMPATH/Boot.php(68): CodeIgniter\Boot::runCodeIgniter(Object(CodeIgniter\CodeIgniter))
11 FCPATH/index.php(59): CodeIgniter\Boot::bootWeb(Object(Config\Paths))
WARNING - 2026-05-11 16:32:07 --> [DEPRECATED] Passing lowercase HTTP method "get" is deprecated. Use uppercase HTTP method like "GET". in SYSTEMPATH/Router/RouteCollection.php on line 1026.
 1 SYSTEMPATH/Router/RouteCollection.php(1026): trigger_error('Passing lowercase HTTP method "get" is deprecated. Use uppercase HTTP method like "GET".', 16384)
 2 APPPATH/Config/Routes.php(64): CodeIgniter\Router\RouteCollection->match([...], 'sport/create', '\\App\\Controllers\\Activites\\ActiviteController::create')
 3 SYSTEMPATH/Router/RouteCollection.php(799): CodeIgniter\Router\RouteCollection->{closure}(Object(CodeIgniter\Router\RouteCollection))
 4 APPPATH/Config/Routes.php(56): CodeIgniter\Router\RouteCollection->group('admin', [...], Object(Closure))
 5 SYSTEMPATH/Router/RouteCollection.php(339): require('/home/angeli/Asa/MrRojo/Regime/app/Config/Routes.php')
 6 SYSTEMPATH/CodeIgniter.php(818): CodeIgniter\Router\RouteCollection->loadRoutes()
 7 SYSTEMPATH/CodeIgniter.php(441): CodeIgniter\CodeIgniter->tryToRouteIt(null)
 8 SYSTEMPATH/CodeIgniter.php(340): CodeIgniter\CodeIgniter->handleRequest(null, Object(Config\Cache), false)
 9 SYSTEMPATH/Boot.php(417): CodeIgniter\CodeIgniter->run()
10 SYSTEMPATH/Boot.php(68): CodeIgniter\Boot::runCodeIgniter(Object(CodeIgniter\CodeIgniter))
11 FCPATH/index.php(59): CodeIgniter\Boot::bootWeb(Object(Config\Paths))
WARNING - 2026-05-11 16:32:07 --> [DEPRECATED] Passing lowercase HTTP method "post" is deprecated. Use uppercase HTTP method like "POST". in SYSTEMPATH/Router/RouteCollection.php on line 1026.
 1 SYSTEMPATH/Router/RouteCollection.php(1026): trigger_error('Passing lowercase HTTP method "post" is deprecated. Use uppercase HTTP method like "POST".', 16384)
 2 APPPATH/Config/Routes.php(64): CodeIgniter\Router\RouteCollection->match([...], 'sport/create', '\\App\\Controllers\\Activites\\ActiviteController::create')
 3 SYSTEMPATH/Router/RouteCollection.php(799): CodeIgniter\Router\RouteCollection->{closure}(Object(CodeIgniter\Router\RouteCollection))
 4 APPPATH/Config/Routes.php(56): CodeIgniter\Router\RouteCollection->group('admin', [...], Object(Closure))
 5 SYSTEMPATH/Router/RouteCollection.php(339): require('/home/angeli/Asa/MrRojo/Regime/app/Config/Routes.php')
 6 SYSTEMPATH/CodeIgniter.php(818): CodeIgniter\Router\RouteCollection->loadRoutes()
 7 SYSTEMPATH/CodeIgniter.php(441): CodeIgniter\CodeIgniter->tryToRouteIt(null)
 8 SYSTEMPATH/CodeIgniter.php(340): CodeIgniter\CodeIgniter->handleRequest(null, Object(Config\Cache), false)
 9 SYSTEMPATH/Boot.php(417): CodeIgniter\CodeIgniter->run()
10 SYSTEMPATH/Boot.php(68): CodeIgniter\Boot::runCodeIgniter(Object(CodeIgniter\CodeIgniter))
11 FCPATH/index.php(59): CodeIgniter\Boot::bootWeb(Object(Config\Paths))
WARNING - 2026-05-11 16:32:07 --> [DEPRECATED] Passing lowercase HTTP method "get" is deprecated. Use uppercase HTTP method like "GET". in SYSTEMPATH/Router/RouteCollection.php on line 1026.
 1 SYSTEMPATH/Router/RouteCollection.php(1026): trigger_error('Passing lowercase HTTP method "get" is deprecated. Use uppercase HTTP method like "GET".', 16384)
 2 APPPATH/Config/Routes.php(65): CodeIgniter\Router\RouteCollection->match([...], 'sport/edit/(:num)', '\\App\\Controllers\\Activites\\ActiviteController::edit/$1')
 3 SYSTEMPATH/Router/RouteCollection.php(799): CodeIgniter\Router\RouteCollection->{closure}(Object(CodeIgniter\Router\RouteCollection))
 4 APPPATH/Config/Routes.php(56): CodeIgniter\Router\RouteCollection->group('admin', [...], Object(Closure))
 5 SYSTEMPATH/Router/RouteCollection.php(339): require('/home/angeli/Asa/MrRojo/Regime/app/Config/Routes.php')
 6 SYSTEMPATH/CodeIgniter.php(818): CodeIgniter\Router\RouteCollection->loadRoutes()
 7 SYSTEMPATH/CodeIgniter.php(441): CodeIgniter\CodeIgniter->tryToRouteIt(null)
 8 SYSTEMPATH/CodeIgniter.php(340): CodeIgniter\CodeIgniter->handleRequest(null, Object(Config\Cache), false)
 9 SYSTEMPATH/Boot.php(417): CodeIgniter\CodeIgniter->run()
10 SYSTEMPATH/Boot.php(68): CodeIgniter\Boot::runCodeIgniter(Object(CodeIgniter\CodeIgniter))
11 FCPATH/index.php(59): CodeIgniter\Boot::bootWeb(Object(Config\Paths))
WARNING - 2026-05-11 16:32:07 --> [DEPRECATED] Passing lowercase HTTP method "post" is deprecated. Use uppercase HTTP method like "POST". in SYSTEMPATH/Router/RouteCollection.php on line 1026.
 1 SYSTEMPATH/Router/RouteCollection.php(1026): trigger_error('Passing lowercase HTTP method "post" is deprecated. Use uppercase HTTP method like "POST".', 16384)
 2 APPPATH/Config/Routes.php(65): CodeIgniter\Router\RouteCollection->match([...], 'sport/edit/(:num)', '\\App\\Controllers\\Activites\\ActiviteController::edit/$1')
 3 SYSTEMPATH/Router/RouteCollection.php(799): CodeIgniter\Router\RouteCollection->{closure}(Object(CodeIgniter\Router\RouteCollection))
 4 APPPATH/Config/Routes.php(56): CodeIgniter\Router\RouteCollection->group('admin', [...], Object(Closure))
 5 SYSTEMPATH/Router/RouteCollection.php(339): require('/home/angeli/Asa/MrRojo/Regime/app/Config/Routes.php')
 6 SYSTEMPATH/CodeIgniter.php(818): CodeIgniter\Router\RouteCollection->loadRoutes()
 7 SYSTEMPATH/CodeIgniter.php(441): CodeIgniter\CodeIgniter->tryToRouteIt(null)
 8 SYSTEMPATH/CodeIgniter.php(340): CodeIgniter\CodeIgniter->handleRequest(null, Object(Config\Cache), false)
 9 SYSTEMPATH/Boot.php(417): CodeIgniter\CodeIgniter->run()
10 SYSTEMPATH/Boot.php(68): CodeIgniter\Boot::runCodeIgniter(Object(CodeIgniter\CodeIgniter))
11 FCPATH/index.php(59): CodeIgniter\Boot::bootWeb(Object(Config\Paths))
DEBUG - 2026-05-11 16:32:07 --> Session: Class initialized using 'CodeIgniter\Session\Handlers\FileHandler' driver.
WARNING - 2026-05-11 16:33:00 --> [DEPRECATED] Passing lowercase HTTP method "get" is deprecated. Use uppercase HTTP method like "GET". in SYSTEMPATH/Router/RouteCollection.php on line 1026.
 1 SYSTEMPATH/Router/RouteCollection.php(1026): trigger_error('Passing lowercase HTTP method "get" is deprecated. Use uppercase HTTP method like "GET".', 16384)
 2 APPPATH/Config/Routes.php(59): CodeIgniter\Router\RouteCollection->match([...], 'regime/create', '\\App\\Controllers\\Regimes\\RegimeController::create')
 3 SYSTEMPATH/Router/RouteCollection.php(799): CodeIgniter\Router\RouteCollection->{closure}(Object(CodeIgniter\Router\RouteCollection))
 4 APPPATH/Config/Routes.php(56): CodeIgniter\Router\RouteCollection->group('admin', [...], Object(Closure))
 5 SYSTEMPATH/Router/RouteCollection.php(339): require('/home/angeli/Asa/MrRojo/Regime/app/Config/Routes.php')
 6 SYSTEMPATH/CodeIgniter.php(818): CodeIgniter\Router\RouteCollection->loadRoutes()
 7 SYSTEMPATH/CodeIgniter.php(441): CodeIgniter\CodeIgniter->tryToRouteIt(null)
 8 SYSTEMPATH/CodeIgniter.php(340): CodeIgniter\CodeIgniter->handleRequest(null, Object(Config\Cache), false)
 9 SYSTEMPATH/Boot.php(417): CodeIgniter\CodeIgniter->run()
10 SYSTEMPATH/Boot.php(68): CodeIgniter\Boot::runCodeIgniter(Object(CodeIgniter\CodeIgniter))
11 FCPATH/index.php(59): CodeIgniter\Boot::bootWeb(Object(Config\Paths))
WARNING - 2026-05-11 16:33:00 --> [DEPRECATED] Passing lowercase HTTP method "post" is deprecated. Use uppercase HTTP method like "POST". in SYSTEMPATH/Router/RouteCollection.php on line 1026.
 1 SYSTEMPATH/Router/RouteCollection.php(1026): trigger_error('Passing lowercase HTTP method "post" is deprecated. Use uppercase HTTP method like "POST".', 16384)
 2 APPPATH/Config/Routes.php(59): CodeIgniter\Router\RouteCollection->match([...], 'regime/create', '\\App\\Controllers\\Regimes\\RegimeController::create')
 3 SYSTEMPATH/Router/RouteCollection.php(799): CodeIgniter\Router\RouteCollection->{closure}(Object(CodeIgniter\Router\RouteCollection))
 4 APPPATH/Config/Routes.php(56): CodeIgniter\Router\RouteCollection->group('admin', [...], Object(Closure))
 5 SYSTEMPATH/Router/RouteCollection.php(339): require('/home/angeli/Asa/MrRojo/Regime/app/Config/Routes.php')
 6 SYSTEMPATH/CodeIgniter.php(818): CodeIgniter\Router\RouteCollection->loadRoutes()
 7 SYSTEMPATH/CodeIgniter.php(441): CodeIgniter\CodeIgniter->tryToRouteIt(null)
 8 SYSTEMPATH/CodeIgniter.php(340): CodeIgniter\CodeIgniter->handleRequest(null, Object(Config\Cache), false)
 9 SYSTEMPATH/Boot.php(417): CodeIgniter\CodeIgniter->run()
10 SYSTEMPATH/Boot.php(68): CodeIgniter\Boot::runCodeIgniter(Object(CodeIgniter\CodeIgniter))
11 FCPATH/index.php(59): CodeIgniter\Boot::bootWeb(Object(Config\Paths))
WARNING - 2026-05-11 16:33:00 --> [DEPRECATED] Passing lowercase HTTP method "get" is deprecated. Use uppercase HTTP method like "GET". in SYSTEMPATH/Router/RouteCollection.php on line 1026.
 1 SYSTEMPATH/Router/RouteCollection.php(1026): trigger_error('Passing lowercase HTTP method "get" is deprecated. Use uppercase HTTP method like "GET".', 16384)
 2 APPPATH/Config/Routes.php(60): CodeIgniter\Router\RouteCollection->match([...], 'regime/edit/(:num)', '\\App\\Controllers\\Regimes\\RegimeController::edit/$1')
 3 SYSTEMPATH/Router/RouteCollection.php(799): CodeIgniter\Router\RouteCollection->{closure}(Object(CodeIgniter\Router\RouteCollection))
 4 APPPATH/Config/Routes.php(56): CodeIgniter\Router\RouteCollection->group('admin', [...], Object(Closure))
 5 SYSTEMPATH/Router/RouteCollection.php(339): require('/home/angeli/Asa/MrRojo/Regime/app/Config/Routes.php')
 6 SYSTEMPATH/CodeIgniter.php(818): CodeIgniter\Router\RouteCollection->loadRoutes()
 7 SYSTEMPATH/CodeIgniter.php(441): CodeIgniter\CodeIgniter->tryToRouteIt(null)
 8 SYSTEMPATH/CodeIgniter.php(340): CodeIgniter\CodeIgniter->handleRequest(null, Object(Config\Cache), false)
 9 SYSTEMPATH/Boot.php(417): CodeIgniter\CodeIgniter->run()
10 SYSTEMPATH/Boot.php(68): CodeIgniter\Boot::runCodeIgniter(Object(CodeIgniter\CodeIgniter))
11 FCPATH/index.php(59): CodeIgniter\Boot::bootWeb(Object(Config\Paths))
WARNING - 2026-05-11 16:33:00 --> [DEPRECATED] Passing lowercase HTTP method "post" is deprecated. Use uppercase HTTP method like "POST". in SYSTEMPATH/Router/RouteCollection.php on line 1026.
 1 SYSTEMPATH/Router/RouteCollection.php(1026): trigger_error('Passing lowercase HTTP method "post" is deprecated. Use uppercase HTTP method like "POST".', 16384)
 2 APPPATH/Config/Routes.php(60): CodeIgniter\Router\RouteCollection->match([...], 'regime/edit/(:num)', '\\App\\Controllers\\Regimes\\RegimeController::edit/$1')
 3 SYSTEMPATH/Router/RouteCollection.php(799): CodeIgniter\Router\RouteCollection->{closure}(Object(CodeIgniter\Router\RouteCollection))
 4 APPPATH/Config/Routes.php(56): CodeIgniter\Router\RouteCollection->group('admin', [...], Object(Closure))
 5 SYSTEMPATH/Router/RouteCollection.php(339): require('/home/angeli/Asa/MrRojo/Regime/app/Config/Routes.php')
 6 SYSTEMPATH/CodeIgniter.php(818): CodeIgniter\Router\RouteCollection->loadRoutes()
 7 SYSTEMPATH/CodeIgniter.php(441): CodeIgniter\CodeIgniter->tryToRouteIt(null)
 8 SYSTEMPATH/CodeIgniter.php(340): CodeIgniter\CodeIgniter->handleRequest(null, Object(Config\Cache), false)
 9 SYSTEMPATH/Boot.php(417): CodeIgniter\CodeIgniter->run()
10 SYSTEMPATH/Boot.php(68): CodeIgniter\Boot::runCodeIgniter(Object(CodeIgniter\CodeIgniter))
11 FCPATH/index.php(59): CodeIgniter\Boot::bootWeb(Object(Config\Paths))
WARNING - 2026-05-11 16:33:00 --> [DEPRECATED] Passing lowercase HTTP method "get" is deprecated. Use uppercase HTTP method like "GET". in SYSTEMPATH/Router/RouteCollection.php on line 1026.
 1 SYSTEMPATH/Router/RouteCollection.php(1026): trigger_error('Passing lowercase HTTP method "get" is deprecated. Use uppercase HTTP method like "GET".', 16384)
 2 APPPATH/Config/Routes.php(64): CodeIgniter\Router\RouteCollection->match([...], 'sport/create', '\\App\\Controllers\\Activites\\ActiviteController::create')
 3 SYSTEMPATH/Router/RouteCollection.php(799): CodeIgniter\Router\RouteCollection->{closure}(Object(CodeIgniter\Router\RouteCollection))
 4 APPPATH/Config/Routes.php(56): CodeIgniter\Router\RouteCollection->group('admin', [...], Object(Closure))
 5 SYSTEMPATH/Router/RouteCollection.php(339): require('/home/angeli/Asa/MrRojo/Regime/app/Config/Routes.php')
 6 SYSTEMPATH/CodeIgniter.php(818): CodeIgniter\Router\RouteCollection->loadRoutes()
 7 SYSTEMPATH/CodeIgniter.php(441): CodeIgniter\CodeIgniter->tryToRouteIt(null)
 8 SYSTEMPATH/CodeIgniter.php(340): CodeIgniter\CodeIgniter->handleRequest(null, Object(Config\Cache), false)
 9 SYSTEMPATH/Boot.php(417): CodeIgniter\CodeIgniter->run()
10 SYSTEMPATH/Boot.php(68): CodeIgniter\Boot::runCodeIgniter(Object(CodeIgniter\CodeIgniter))
11 FCPATH/index.php(59): CodeIgniter\Boot::bootWeb(Object(Config\Paths))
WARNING - 2026-05-11 16:33:00 --> [DEPRECATED] Passing lowercase HTTP method "post" is deprecated. Use uppercase HTTP method like "POST". in SYSTEMPATH/Router/RouteCollection.php on line 1026.
 1 SYSTEMPATH/Router/RouteCollection.php(1026): trigger_error('Passing lowercase HTTP method "post" is deprecated. Use uppercase HTTP method like "POST".', 16384)
 2 APPPATH/Config/Routes.php(64): CodeIgniter\Router\RouteCollection->match([...], 'sport/create', '\\App\\Controllers\\Activites\\ActiviteController::create')
 3 SYSTEMPATH/Router/RouteCollection.php(799): CodeIgniter\Router\RouteCollection->{closure}(Object(CodeIgniter\Router\RouteCollection))
 4 APPPATH/Config/Routes.php(56): CodeIgniter\Router\RouteCollection->group('admin', [...], Object(Closure))
 5 SYSTEMPATH/Router/RouteCollection.php(339): require('/home/angeli/Asa/MrRojo/Regime/app/Config/Routes.php')
 6 SYSTEMPATH/CodeIgniter.php(818): CodeIgniter\Router\RouteCollection->loadRoutes()
 7 SYSTEMPATH/CodeIgniter.php(441): CodeIgniter\CodeIgniter->tryToRouteIt(null)
 8 SYSTEMPATH/CodeIgniter.php(340): CodeIgniter\CodeIgniter->handleRequest(null, Object(Config\Cache), false)
 9 SYSTEMPATH/Boot.php(417): CodeIgniter\CodeIgniter->run()
10 SYSTEMPATH/Boot.php(68): CodeIgniter\Boot::runCodeIgniter(Object(CodeIgniter\CodeIgniter))
11 FCPATH/index.php(59): CodeIgniter\Boot::bootWeb(Object(Config\Paths))
WARNING - 2026-05-11 16:33:00 --> [DEPRECATED] Passing lowercase HTTP method "get" is deprecated. Use uppercase HTTP method like "GET". in SYSTEMPATH/Router/RouteCollection.php on line 1026.
 1 SYSTEMPATH/Router/RouteCollection.php(1026): trigger_error('Passing lowercase HTTP method "get" is deprecated. Use uppercase HTTP method like "GET".', 16384)
 2 APPPATH/Config/Routes.php(65): CodeIgniter\Router\RouteCollection->match([...], 'sport/edit/(:num)', '\\App\\Controllers\\Activites\\ActiviteController::edit/$1')
 3 SYSTEMPATH/Router/RouteCollection.php(799): CodeIgniter\Router\RouteCollection->{closure}(Object(CodeIgniter\Router\RouteCollection))
 4 APPPATH/Config/Routes.php(56): CodeIgniter\Router\RouteCollection->group('admin', [...], Object(Closure))
 5 SYSTEMPATH/Router/RouteCollection.php(339): require('/home/angeli/Asa/MrRojo/Regime/app/Config/Routes.php')
 6 SYSTEMPATH/CodeIgniter.php(818): CodeIgniter\Router\RouteCollection->loadRoutes()
 7 SYSTEMPATH/CodeIgniter.php(441): CodeIgniter\CodeIgniter->tryToRouteIt(null)
 8 SYSTEMPATH/CodeIgniter.php(340): CodeIgniter\CodeIgniter->handleRequest(null, Object(Config\Cache), false)
 9 SYSTEMPATH/Boot.php(417): CodeIgniter\CodeIgniter->run()
10 SYSTEMPATH/Boot.php(68): CodeIgniter\Boot::runCodeIgniter(Object(CodeIgniter\CodeIgniter))
11 FCPATH/index.php(59): CodeIgniter\Boot::bootWeb(Object(Config\Paths))
WARNING - 2026-05-11 16:33:00 --> [DEPRECATED] Passing lowercase HTTP method "post" is deprecated. Use uppercase HTTP method like "POST". in SYSTEMPATH/Router/RouteCollection.php on line 1026.
 1 SYSTEMPATH/Router/RouteCollection.php(1026): trigger_error('Passing lowercase HTTP method "post" is deprecated. Use uppercase HTTP method like "POST".', 16384)
 2 APPPATH/Config/Routes.php(65): CodeIgniter\Router\RouteCollection->match([...], 'sport/edit/(:num)', '\\App\\Controllers\\Activites\\ActiviteController::edit/$1')
 3 SYSTEMPATH/Router/RouteCollection.php(799): CodeIgniter\Router\RouteCollection->{closure}(Object(CodeIgniter\Router\RouteCollection))
 4 APPPATH/Config/Routes.php(56): CodeIgniter\Router\RouteCollection->group('admin', [...], Object(Closure))
 5 SYSTEMPATH/Router/RouteCollection.php(339): require('/home/angeli/Asa/MrRojo/Regime/app/Config/Routes.php')
 6 SYSTEMPATH/CodeIgniter.php(818): CodeIgniter\Router\RouteCollection->loadRoutes()
 7 SYSTEMPATH/CodeIgniter.php(441): CodeIgniter\CodeIgniter->tryToRouteIt(null)
 8 SYSTEMPATH/CodeIgniter.php(340): CodeIgniter\CodeIgniter->handleRequest(null, Object(Config\Cache), false)
 9 SYSTEMPATH/Boot.php(417): CodeIgniter\CodeIgniter->run()
10 SYSTEMPATH/Boot.php(68): CodeIgniter\Boot::runCodeIgniter(Object(CodeIgniter\CodeIgniter))
11 FCPATH/index.php(59): CodeIgniter\Boot::bootWeb(Object(Config\Paths))
DEBUG - 2026-05-11 16:33:00 --> Session: Class initialized using 'CodeIgniter\Session\Handlers\FileHandler' driver.
WARNING - 2026-05-11 16:33:00 --> [DEPRECATED] Passing lowercase HTTP method "get" is deprecated. Use uppercase HTTP method like "GET". in SYSTEMPATH/Router/RouteCollection.php on line 1026.
 1 SYSTEMPATH/Router/RouteCollection.php(1026): trigger_error('Passing lowercase HTTP method "get" is deprecated. Use uppercase HTTP method like "GET".', 16384)
 2 APPPATH/Config/Routes.php(59): CodeIgniter\Router\RouteCollection->match([...], 'regime/create', '\\App\\Controllers\\Regimes\\RegimeController::create')
 3 SYSTEMPATH/Router/RouteCollection.php(799): CodeIgniter\Router\RouteCollection->{closure}(Object(CodeIgniter\Router\RouteCollection))
 4 APPPATH/Config/Routes.php(56): CodeIgniter\Router\RouteCollection->group('admin', [...], Object(Closure))
 5 SYSTEMPATH/Router/RouteCollection.php(339): require('/home/angeli/Asa/MrRojo/Regime/app/Config/Routes.php')
 6 SYSTEMPATH/CodeIgniter.php(818): CodeIgniter\Router\RouteCollection->loadRoutes()
 7 SYSTEMPATH/CodeIgniter.php(441): CodeIgniter\CodeIgniter->tryToRouteIt(null)
 8 SYSTEMPATH/CodeIgniter.php(340): CodeIgniter\CodeIgniter->handleRequest(null, Object(Config\Cache), false)
 9 SYSTEMPATH/Boot.php(417): CodeIgniter\CodeIgniter->run()
10 SYSTEMPATH/Boot.php(68): CodeIgniter\Boot::runCodeIgniter(Object(CodeIgniter\CodeIgniter))
11 FCPATH/index.php(59): CodeIgniter\Boot::bootWeb(Object(Config\Paths))
WARNING - 2026-05-11 16:33:00 --> [DEPRECATED] Passing lowercase HTTP method "post" is deprecated. Use uppercase HTTP method like "POST". in SYSTEMPATH/Router/RouteCollection.php on line 1026.
 1 SYSTEMPATH/Router/RouteCollection.php(1026): trigger_error('Passing lowercase HTTP method "post" is deprecated. Use uppercase HTTP method like "POST".', 16384)
 2 APPPATH/Config/Routes.php(59): CodeIgniter\Router\RouteCollection->match([...], 'regime/create', '\\App\\Controllers\\Regimes\\RegimeController::create')
 3 SYSTEMPATH/Router/RouteCollection.php(799): CodeIgniter\Router\RouteCollection->{closure}(Object(CodeIgniter\Router\RouteCollection))
 4 APPPATH/Config/Routes.php(56): CodeIgniter\Router\RouteCollection->group('admin', [...], Object(Closure))
 5 SYSTEMPATH/Router/RouteCollection.php(339): require('/home/angeli/Asa/MrRojo/Regime/app/Config/Routes.php')
 6 SYSTEMPATH/CodeIgniter.php(818): CodeIgniter\Router\RouteCollection->loadRoutes()
 7 SYSTEMPATH/CodeIgniter.php(441): CodeIgniter\CodeIgniter->tryToRouteIt(null)
 8 SYSTEMPATH/CodeIgniter.php(340): CodeIgniter\CodeIgniter->handleRequest(null, Object(Config\Cache), false)
 9 SYSTEMPATH/Boot.php(417): CodeIgniter\CodeIgniter->run()
10 SYSTEMPATH/Boot.php(68): CodeIgniter\Boot::runCodeIgniter(Object(CodeIgniter\CodeIgniter))
11 FCPATH/index.php(59): CodeIgniter\Boot::bootWeb(Object(Config\Paths))
WARNING - 2026-05-11 16:33:00 --> [DEPRECATED] Passing lowercase HTTP method "get" is deprecated. Use uppercase HTTP method like "GET". in SYSTEMPATH/Router/RouteCollection.php on line 1026.
 1 SYSTEMPATH/Router/RouteCollection.php(1026): trigger_error('Passing lowercase HTTP method "get" is deprecated. Use uppercase HTTP method like "GET".', 16384)
 2 APPPATH/Config/Routes.php(60): CodeIgniter\Router\RouteCollection->match([...], 'regime/edit/(:num)', '\\App\\Controllers\\Regimes\\RegimeController::edit/$1')
 3 SYSTEMPATH/Router/RouteCollection.php(799): CodeIgniter\Router\RouteCollection->{closure}(Object(CodeIgniter\Router\RouteCollection))
 4 APPPATH/Config/Routes.php(56): CodeIgniter\Router\RouteCollection->group('admin', [...], Object(Closure))
 5 SYSTEMPATH/Router/RouteCollection.php(339): require('/home/angeli/Asa/MrRojo/Regime/app/Config/Routes.php')
 6 SYSTEMPATH/CodeIgniter.php(818): CodeIgniter\Router\RouteCollection->loadRoutes()
 7 SYSTEMPATH/CodeIgniter.php(441): CodeIgniter\CodeIgniter->tryToRouteIt(null)
 8 SYSTEMPATH/CodeIgniter.php(340): CodeIgniter\CodeIgniter->handleRequest(null, Object(Config\Cache), false)
 9 SYSTEMPATH/Boot.php(417): CodeIgniter\CodeIgniter->run()
10 SYSTEMPATH/Boot.php(68): CodeIgniter\Boot::runCodeIgniter(Object(CodeIgniter\CodeIgniter))
11 FCPATH/index.php(59): CodeIgniter\Boot::bootWeb(Object(Config\Paths))
WARNING - 2026-05-11 16:33:00 --> [DEPRECATED] Passing lowercase HTTP method "post" is deprecated. Use uppercase HTTP method like "POST". in SYSTEMPATH/Router/RouteCollection.php on line 1026.
 1 SYSTEMPATH/Router/RouteCollection.php(1026): trigger_error('Passing lowercase HTTP method "post" is deprecated. Use uppercase HTTP method like "POST".', 16384)
 2 APPPATH/Config/Routes.php(60): CodeIgniter\Router\RouteCollection->match([...], 'regime/edit/(:num)', '\\App\\Controllers\\Regimes\\RegimeController::edit/$1')
 3 SYSTEMPATH/Router/RouteCollection.php(799): CodeIgniter\Router\RouteCollection->{closure}(Object(CodeIgniter\Router\RouteCollection))
 4 APPPATH/Config/Routes.php(56): CodeIgniter\Router\RouteCollection->group('admin', [...], Object(Closure))
 5 SYSTEMPATH/Router/RouteCollection.php(339): require('/home/angeli/Asa/MrRojo/Regime/app/Config/Routes.php')
 6 SYSTEMPATH/CodeIgniter.php(818): CodeIgniter\Router\RouteCollection->loadRoutes()
 7 SYSTEMPATH/CodeIgniter.php(441): CodeIgniter\CodeIgniter->tryToRouteIt(null)
 8 SYSTEMPATH/CodeIgniter.php(340): CodeIgniter\CodeIgniter->handleRequest(null, Object(Config\Cache), false)
 9 SYSTEMPATH/Boot.php(417): CodeIgniter\CodeIgniter->run()
10 SYSTEMPATH/Boot.php(68): CodeIgniter\Boot::runCodeIgniter(Object(CodeIgniter\CodeIgniter))
11 FCPATH/index.php(59): CodeIgniter\Boot::bootWeb(Object(Config\Paths))
WARNING - 2026-05-11 16:33:00 --> [DEPRECATED] Passing lowercase HTTP method "get" is deprecated. Use uppercase HTTP method like "GET". in SYSTEMPATH/Router/RouteCollection.php on line 1026.
 1 SYSTEMPATH/Router/RouteCollection.php(1026): trigger_error('Passing lowercase HTTP method "get" is deprecated. Use uppercase HTTP method like "GET".', 16384)
 2 APPPATH/Config/Routes.php(64): CodeIgniter\Router\RouteCollection->match([...], 'sport/create', '\\App\\Controllers\\Activites\\ActiviteController::create')
 3 SYSTEMPATH/Router/RouteCollection.php(799): CodeIgniter\Router\RouteCollection->{closure}(Object(CodeIgniter\Router\RouteCollection))
 4 APPPATH/Config/Routes.php(56): CodeIgniter\Router\RouteCollection->group('admin', [...], Object(Closure))
 5 SYSTEMPATH/Router/RouteCollection.php(339): require('/home/angeli/Asa/MrRojo/Regime/app/Config/Routes.php')
 6 SYSTEMPATH/CodeIgniter.php(818): CodeIgniter\Router\RouteCollection->loadRoutes()
 7 SYSTEMPATH/CodeIgniter.php(441): CodeIgniter\CodeIgniter->tryToRouteIt(null)
 8 SYSTEMPATH/CodeIgniter.php(340): CodeIgniter\CodeIgniter->handleRequest(null, Object(Config\Cache), false)
 9 SYSTEMPATH/Boot.php(417): CodeIgniter\CodeIgniter->run()
10 SYSTEMPATH/Boot.php(68): CodeIgniter\Boot::runCodeIgniter(Object(CodeIgniter\CodeIgniter))
11 FCPATH/index.php(59): CodeIgniter\Boot::bootWeb(Object(Config\Paths))
WARNING - 2026-05-11 16:33:00 --> [DEPRECATED] Passing lowercase HTTP method "post" is deprecated. Use uppercase HTTP method like "POST". in SYSTEMPATH/Router/RouteCollection.php on line 1026.
 1 SYSTEMPATH/Router/RouteCollection.php(1026): trigger_error('Passing lowercase HTTP method "post" is deprecated. Use uppercase HTTP method like "POST".', 16384)
 2 APPPATH/Config/Routes.php(64): CodeIgniter\Router\RouteCollection->match([...], 'sport/create', '\\App\\Controllers\\Activites\\ActiviteController::create')
 3 SYSTEMPATH/Router/RouteCollection.php(799): CodeIgniter\Router\RouteCollection->{closure}(Object(CodeIgniter\Router\RouteCollection))
 4 APPPATH/Config/Routes.php(56): CodeIgniter\Router\RouteCollection->group('admin', [...], Object(Closure))
 5 SYSTEMPATH/Router/RouteCollection.php(339): require('/home/angeli/Asa/MrRojo/Regime/app/Config/Routes.php')
 6 SYSTEMPATH/CodeIgniter.php(818): CodeIgniter\Router\RouteCollection->loadRoutes()
 7 SYSTEMPATH/CodeIgniter.php(441): CodeIgniter\CodeIgniter->tryToRouteIt(null)
 8 SYSTEMPATH/CodeIgniter.php(340): CodeIgniter\CodeIgniter->handleRequest(null, Object(Config\Cache), false)
 9 SYSTEMPATH/Boot.php(417): CodeIgniter\CodeIgniter->run()
10 SYSTEMPATH/Boot.php(68): CodeIgniter\Boot::runCodeIgniter(Object(CodeIgniter\CodeIgniter))
11 FCPATH/index.php(59): CodeIgniter\Boot::bootWeb(Object(Config\Paths))
WARNING - 2026-05-11 16:33:00 --> [DEPRECATED] Passing lowercase HTTP method "get" is deprecated. Use uppercase HTTP method like "GET". in SYSTEMPATH/Router/RouteCollection.php on line 1026.
 1 SYSTEMPATH/Router/RouteCollection.php(1026): trigger_error('Passing lowercase HTTP method "get" is deprecated. Use uppercase HTTP method like "GET".', 16384)
 2 APPPATH/Config/Routes.php(65): CodeIgniter\Router\RouteCollection->match([...], 'sport/edit/(:num)', '\\App\\Controllers\\Activites\\ActiviteController::edit/$1')
 3 SYSTEMPATH/Router/RouteCollection.php(799): CodeIgniter\Router\RouteCollection->{closure}(Object(CodeIgniter\Router\RouteCollection))
 4 APPPATH/Config/Routes.php(56): CodeIgniter\Router\RouteCollection->group('admin', [...], Object(Closure))
 5 SYSTEMPATH/Router/RouteCollection.php(339): require('/home/angeli/Asa/MrRojo/Regime/app/Config/Routes.php')
 6 SYSTEMPATH/CodeIgniter.php(818): CodeIgniter\Router\RouteCollection->loadRoutes()
 7 SYSTEMPATH/CodeIgniter.php(441): CodeIgniter\CodeIgniter->tryToRouteIt(null)
 8 SYSTEMPATH/CodeIgniter.php(340): CodeIgniter\CodeIgniter->handleRequest(null, Object(Config\Cache), false)
 9 SYSTEMPATH/Boot.php(417): CodeIgniter\CodeIgniter->run()
10 SYSTEMPATH/Boot.php(68): CodeIgniter\Boot::runCodeIgniter(Object(CodeIgniter\CodeIgniter))
11 FCPATH/index.php(59): CodeIgniter\Boot::bootWeb(Object(Config\Paths))
WARNING - 2026-05-11 16:33:00 --> [DEPRECATED] Passing lowercase HTTP method "post" is deprecated. Use uppercase HTTP method like "POST". in SYSTEMPATH/Router/RouteCollection.php on line 1026.
 1 SYSTEMPATH/Router/RouteCollection.php(1026): trigger_error('Passing lowercase HTTP method "post" is deprecated. Use uppercase HTTP method like "POST".', 16384)
 2 APPPATH/Config/Routes.php(65): CodeIgniter\Router\RouteCollection->match([...], 'sport/edit/(:num)', '\\App\\Controllers\\Activites\\ActiviteController::edit/$1')
 3 SYSTEMPATH/Router/RouteCollection.php(799): CodeIgniter\Router\RouteCollection->{closure}(Object(CodeIgniter\Router\RouteCollection))
 4 APPPATH/Config/Routes.php(56): CodeIgniter\Router\RouteCollection->group('admin', [...], Object(Closure))
 5 SYSTEMPATH/Router/RouteCollection.php(339): require('/home/angeli/Asa/MrRojo/Regime/app/Config/Routes.php')
 6 SYSTEMPATH/CodeIgniter.php(818): CodeIgniter\Router\RouteCollection->loadRoutes()
 7 SYSTEMPATH/CodeIgniter.php(441): CodeIgniter\CodeIgniter->tryToRouteIt(null)
 8 SYSTEMPATH/CodeIgniter.php(340): CodeIgniter\CodeIgniter->handleRequest(null, Object(Config\Cache), false)
 9 SYSTEMPATH/Boot.php(417): CodeIgniter\CodeIgniter->run()
10 SYSTEMPATH/Boot.php(68): CodeIgniter\Boot::runCodeIgniter(Object(CodeIgniter\CodeIgniter))
11 FCPATH/index.php(59): CodeIgniter\Boot::bootWeb(Object(Config\Paths))
DEBUG - 2026-05-11 16:33:00 --> Session: Class initialized using 'CodeIgniter\Session\Handlers\FileHandler' driver.
WARNING - 2026-05-11 16:33:06 --> [DEPRECATED] Passing lowercase HTTP method "get" is deprecated. Use uppercase HTTP method like "GET". in SYSTEMPATH/Router/RouteCollection.php on line 1026.
 1 SYSTEMPATH/Router/RouteCollection.php(1026): trigger_error('Passing lowercase HTTP method "get" is deprecated. Use uppercase HTTP method like "GET".', 16384)
 2 APPPATH/Config/Routes.php(59): CodeIgniter\Router\RouteCollection->match([...], 'regime/create', '\\App\\Controllers\\Regimes\\RegimeController::create')
 3 SYSTEMPATH/Router/RouteCollection.php(799): CodeIgniter\Router\RouteCollection->{closure}(Object(CodeIgniter\Router\RouteCollection))
 4 APPPATH/Config/Routes.php(56): CodeIgniter\Router\RouteCollection->group('admin', [...], Object(Closure))
 5 SYSTEMPATH/Router/RouteCollection.php(339): require('/home/angeli/Asa/MrRojo/Regime/app/Config/Routes.php')
 6 SYSTEMPATH/CodeIgniter.php(818): CodeIgniter\Router\RouteCollection->loadRoutes()
 7 SYSTEMPATH/CodeIgniter.php(441): CodeIgniter\CodeIgniter->tryToRouteIt(null)
 8 SYSTEMPATH/CodeIgniter.php(340): CodeIgniter\CodeIgniter->handleRequest(null, Object(Config\Cache), false)
 9 SYSTEMPATH/Boot.php(417): CodeIgniter\CodeIgniter->run()
10 SYSTEMPATH/Boot.php(68): CodeIgniter\Boot::runCodeIgniter(Object(CodeIgniter\CodeIgniter))
11 FCPATH/index.php(59): CodeIgniter\Boot::bootWeb(Object(Config\Paths))
WARNING - 2026-05-11 16:33:06 --> [DEPRECATED] Passing lowercase HTTP method "post" is deprecated. Use uppercase HTTP method like "POST". in SYSTEMPATH/Router/RouteCollection.php on line 1026.
 1 SYSTEMPATH/Router/RouteCollection.php(1026): trigger_error('Passing lowercase HTTP method "post" is deprecated. Use uppercase HTTP method like "POST".', 16384)
 2 APPPATH/Config/Routes.php(59): CodeIgniter\Router\RouteCollection->match([...], 'regime/create', '\\App\\Controllers\\Regimes\\RegimeController::create')
 3 SYSTEMPATH/Router/RouteCollection.php(799): CodeIgniter\Router\RouteCollection->{closure}(Object(CodeIgniter\Router\RouteCollection))
 4 APPPATH/Config/Routes.php(56): CodeIgniter\Router\RouteCollection->group('admin', [...], Object(Closure))
 5 SYSTEMPATH/Router/RouteCollection.php(339): require('/home/angeli/Asa/MrRojo/Regime/app/Config/Routes.php')
 6 SYSTEMPATH/CodeIgniter.php(818): CodeIgniter\Router\RouteCollection->loadRoutes()
 7 SYSTEMPATH/CodeIgniter.php(441): CodeIgniter\CodeIgniter->tryToRouteIt(null)
 8 SYSTEMPATH/CodeIgniter.php(340): CodeIgniter\CodeIgniter->handleRequest(null, Object(Config\Cache), false)
 9 SYSTEMPATH/Boot.php(417): CodeIgniter\CodeIgniter->run()
10 SYSTEMPATH/Boot.php(68): CodeIgniter\Boot::runCodeIgniter(Object(CodeIgniter\CodeIgniter))
11 FCPATH/index.php(59): CodeIgniter\Boot::bootWeb(Object(Config\Paths))
WARNING - 2026-05-11 16:33:06 --> [DEPRECATED] Passing lowercase HTTP method "get" is deprecated. Use uppercase HTTP method like "GET". in SYSTEMPATH/Router/RouteCollection.php on line 1026.
 1 SYSTEMPATH/Router/RouteCollection.php(1026): trigger_error('Passing lowercase HTTP method "get" is deprecated. Use uppercase HTTP method like "GET".', 16384)
 2 APPPATH/Config/Routes.php(60): CodeIgniter\Router\RouteCollection->match([...], 'regime/edit/(:num)', '\\App\\Controllers\\Regimes\\RegimeController::edit/$1')
 3 SYSTEMPATH/Router/RouteCollection.php(799): CodeIgniter\Router\RouteCollection->{closure}(Object(CodeIgniter\Router\RouteCollection))
 4 APPPATH/Config/Routes.php(56): CodeIgniter\Router\RouteCollection->group('admin', [...], Object(Closure))
 5 SYSTEMPATH/Router/RouteCollection.php(339): require('/home/angeli/Asa/MrRojo/Regime/app/Config/Routes.php')
 6 SYSTEMPATH/CodeIgniter.php(818): CodeIgniter\Router\RouteCollection->loadRoutes()
 7 SYSTEMPATH/CodeIgniter.php(441): CodeIgniter\CodeIgniter->tryToRouteIt(null)
 8 SYSTEMPATH/CodeIgniter.php(340): CodeIgniter\CodeIgniter->handleRequest(null, Object(Config\Cache), false)
 9 SYSTEMPATH/Boot.php(417): CodeIgniter\CodeIgniter->run()
10 SYSTEMPATH/Boot.php(68): CodeIgniter\Boot::runCodeIgniter(Object(CodeIgniter\CodeIgniter))
11 FCPATH/index.php(59): CodeIgniter\Boot::bootWeb(Object(Config\Paths))
WARNING - 2026-05-11 16:33:06 --> [DEPRECATED] Passing lowercase HTTP method "post" is deprecated. Use uppercase HTTP method like "POST". in SYSTEMPATH/Router/RouteCollection.php on line 1026.
 1 SYSTEMPATH/Router/RouteCollection.php(1026): trigger_error('Passing lowercase HTTP method "post" is deprecated. Use uppercase HTTP method like "POST".', 16384)
 2 APPPATH/Config/Routes.php(60): CodeIgniter\Router\RouteCollection->match([...], 'regime/edit/(:num)', '\\App\\Controllers\\Regimes\\RegimeController::edit/$1')
 3 SYSTEMPATH/Router/RouteCollection.php(799): CodeIgniter\Router\RouteCollection->{closure}(Object(CodeIgniter\Router\RouteCollection))
 4 APPPATH/Config/Routes.php(56): CodeIgniter\Router\RouteCollection->group('admin', [...], Object(Closure))
 5 SYSTEMPATH/Router/RouteCollection.php(339): require('/home/angeli/Asa/MrRojo/Regime/app/Config/Routes.php')
 6 SYSTEMPATH/CodeIgniter.php(818): CodeIgniter\Router\RouteCollection->loadRoutes()
 7 SYSTEMPATH/CodeIgniter.php(441): CodeIgniter\CodeIgniter->tryToRouteIt(null)
 8 SYSTEMPATH/CodeIgniter.php(340): CodeIgniter\CodeIgniter->handleRequest(null, Object(Config\Cache), false)
 9 SYSTEMPATH/Boot.php(417): CodeIgniter\CodeIgniter->run()
10 SYSTEMPATH/Boot.php(68): CodeIgniter\Boot::runCodeIgniter(Object(CodeIgniter\CodeIgniter))
11 FCPATH/index.php(59): CodeIgniter\Boot::bootWeb(Object(Config\Paths))
WARNING - 2026-05-11 16:33:06 --> [DEPRECATED] Passing lowercase HTTP method "get" is deprecated. Use uppercase HTTP method like "GET". in SYSTEMPATH/Router/RouteCollection.php on line 1026.
 1 SYSTEMPATH/Router/RouteCollection.php(1026): trigger_error('Passing lowercase HTTP method "get" is deprecated. Use uppercase HTTP method like "GET".', 16384)
 2 APPPATH/Config/Routes.php(64): CodeIgniter\Router\RouteCollection->match([...], 'sport/create', '\\App\\Controllers\\Activites\\ActiviteController::create')
 3 SYSTEMPATH/Router/RouteCollection.php(799): CodeIgniter\Router\RouteCollection->{closure}(Object(CodeIgniter\Router\RouteCollection))
 4 APPPATH/Config/Routes.php(56): CodeIgniter\Router\RouteCollection->group('admin', [...], Object(Closure))
 5 SYSTEMPATH/Router/RouteCollection.php(339): require('/home/angeli/Asa/MrRojo/Regime/app/Config/Routes.php')
 6 SYSTEMPATH/CodeIgniter.php(818): CodeIgniter\Router\RouteCollection->loadRoutes()
 7 SYSTEMPATH/CodeIgniter.php(441): CodeIgniter\CodeIgniter->tryToRouteIt(null)
 8 SYSTEMPATH/CodeIgniter.php(340): CodeIgniter\CodeIgniter->handleRequest(null, Object(Config\Cache), false)
 9 SYSTEMPATH/Boot.php(417): CodeIgniter\CodeIgniter->run()
10 SYSTEMPATH/Boot.php(68): CodeIgniter\Boot::runCodeIgniter(Object(CodeIgniter\CodeIgniter))
11 FCPATH/index.php(59): CodeIgniter\Boot::bootWeb(Object(Config\Paths))
WARNING - 2026-05-11 16:33:06 --> [DEPRECATED] Passing lowercase HTTP method "post" is deprecated. Use uppercase HTTP method like "POST". in SYSTEMPATH/Router/RouteCollection.php on line 1026.
 1 SYSTEMPATH/Router/RouteCollection.php(1026): trigger_error('Passing lowercase HTTP method "post" is deprecated. Use uppercase HTTP method like "POST".', 16384)
 2 APPPATH/Config/Routes.php(64): CodeIgniter\Router\RouteCollection->match([...], 'sport/create', '\\App\\Controllers\\Activites\\ActiviteController::create')
 3 SYSTEMPATH/Router/RouteCollection.php(799): CodeIgniter\Router\RouteCollection->{closure}(Object(CodeIgniter\Router\RouteCollection))
 4 APPPATH/Config/Routes.php(56): CodeIgniter\Router\RouteCollection->group('admin', [...], Object(Closure))
 5 SYSTEMPATH/Router/RouteCollection.php(339): require('/home/angeli/Asa/MrRojo/Regime/app/Config/Routes.php')
 6 SYSTEMPATH/CodeIgniter.php(818): CodeIgniter\Router\RouteCollection->loadRoutes()
 7 SYSTEMPATH/CodeIgniter.php(441): CodeIgniter\CodeIgniter->tryToRouteIt(null)
 8 SYSTEMPATH/CodeIgniter.php(340): CodeIgniter\CodeIgniter->handleRequest(null, Object(Config\Cache), false)
 9 SYSTEMPATH/Boot.php(417): CodeIgniter\CodeIgniter->run()
10 SYSTEMPATH/Boot.php(68): CodeIgniter\Boot::runCodeIgniter(Object(CodeIgniter\CodeIgniter))
11 FCPATH/index.php(59): CodeIgniter\Boot::bootWeb(Object(Config\Paths))
WARNING - 2026-05-11 16:33:06 --> [DEPRECATED] Passing lowercase HTTP method "get" is deprecated. Use uppercase HTTP method like "GET". in SYSTEMPATH/Router/RouteCollection.php on line 1026.
 1 SYSTEMPATH/Router/RouteCollection.php(1026): trigger_error('Passing lowercase HTTP method "get" is deprecated. Use uppercase HTTP method like "GET".', 16384)
 2 APPPATH/Config/Routes.php(65): CodeIgniter\Router\RouteCollection->match([...], 'sport/edit/(:num)', '\\App\\Controllers\\Activites\\ActiviteController::edit/$1')
 3 SYSTEMPATH/Router/RouteCollection.php(799): CodeIgniter\Router\RouteCollection->{closure}(Object(CodeIgniter\Router\RouteCollection))
 4 APPPATH/Config/Routes.php(56): CodeIgniter\Router\RouteCollection->group('admin', [...], Object(Closure))
 5 SYSTEMPATH/Router/RouteCollection.php(339): require('/home/angeli/Asa/MrRojo/Regime/app/Config/Routes.php')
 6 SYSTEMPATH/CodeIgniter.php(818): CodeIgniter\Router\RouteCollection->loadRoutes()
 7 SYSTEMPATH/CodeIgniter.php(441): CodeIgniter\CodeIgniter->tryToRouteIt(null)
 8 SYSTEMPATH/CodeIgniter.php(340): CodeIgniter\CodeIgniter->handleRequest(null, Object(Config\Cache), false)
 9 SYSTEMPATH/Boot.php(417): CodeIgniter\CodeIgniter->run()
10 SYSTEMPATH/Boot.php(68): CodeIgniter\Boot::runCodeIgniter(Object(CodeIgniter\CodeIgniter))
11 FCPATH/index.php(59): CodeIgniter\Boot::bootWeb(Object(Config\Paths))
WARNING - 2026-05-11 16:33:06 --> [DEPRECATED] Passing lowercase HTTP method "post" is deprecated. Use uppercase HTTP method like "POST". in SYSTEMPATH/Router/RouteCollection.php on line 1026.
 1 SYSTEMPATH/Router/RouteCollection.php(1026): trigger_error('Passing lowercase HTTP method "post" is deprecated. Use uppercase HTTP method like "POST".', 16384)
 2 APPPATH/Config/Routes.php(65): CodeIgniter\Router\RouteCollection->match([...], 'sport/edit/(:num)', '\\App\\Controllers\\Activites\\ActiviteController::edit/$1')
 3 SYSTEMPATH/Router/RouteCollection.php(799): CodeIgniter\Router\RouteCollection->{closure}(Object(CodeIgniter\Router\RouteCollection))
 4 APPPATH/Config/Routes.php(56): CodeIgniter\Router\RouteCollection->group('admin', [...], Object(Closure))
 5 SYSTEMPATH/Router/RouteCollection.php(339): require('/home/angeli/Asa/MrRojo/Regime/app/Config/Routes.php')
 6 SYSTEMPATH/CodeIgniter.php(818): CodeIgniter\Router\RouteCollection->loadRoutes()
 7 SYSTEMPATH/CodeIgniter.php(441): CodeIgniter\CodeIgniter->tryToRouteIt(null)
 8 SYSTEMPATH/CodeIgniter.php(340): CodeIgniter\CodeIgniter->handleRequest(null, Object(Config\Cache), false)
 9 SYSTEMPATH/Boot.php(417): CodeIgniter\CodeIgniter->run()
10 SYSTEMPATH/Boot.php(68): CodeIgniter\Boot::runCodeIgniter(Object(CodeIgniter\CodeIgniter))
11 FCPATH/index.php(59): CodeIgniter\Boot::bootWeb(Object(Config\Paths))
DEBUG - 2026-05-11 16:33:06 --> Session: Class initialized using 'CodeIgniter\Session\Handlers\FileHandler' driver.
WARNING - 2026-05-11 16:36:56 --> [DEPRECATED] Passing lowercase HTTP method "get" is deprecated. Use uppercase HTTP method like "GET". in SYSTEMPATH/Router/RouteCollection.php on line 1026.
 1 SYSTEMPATH/Router/RouteCollection.php(1026): trigger_error('Passing lowercase HTTP method "get" is deprecated. Use uppercase HTTP method like "GET".', 16384)
 2 APPPATH/Config/Routes.php(59): CodeIgniter\Router\RouteCollection->match([...], 'regime/create', '\\App\\Controllers\\Regimes\\RegimeController::create')
 3 SYSTEMPATH/Router/RouteCollection.php(799): CodeIgniter\Router\RouteCollection->{closure}(Object(CodeIgniter\Router\RouteCollection))
 4 APPPATH/Config/Routes.php(56): CodeIgniter\Router\RouteCollection->group('admin', [...], Object(Closure))
 5 SYSTEMPATH/Router/RouteCollection.php(339): require('/home/angeli/Asa/MrRojo/Regime/app/Config/Routes.php')
 6 SYSTEMPATH/CodeIgniter.php(818): CodeIgniter\Router\RouteCollection->loadRoutes()
 7 SYSTEMPATH/CodeIgniter.php(441): CodeIgniter\CodeIgniter->tryToRouteIt(null)
 8 SYSTEMPATH/CodeIgniter.php(340): CodeIgniter\CodeIgniter->handleRequest(null, Object(Config\Cache), false)
 9 SYSTEMPATH/Boot.php(417): CodeIgniter\CodeIgniter->run()
10 SYSTEMPATH/Boot.php(68): CodeIgniter\Boot::runCodeIgniter(Object(CodeIgniter\CodeIgniter))
11 FCPATH/index.php(59): CodeIgniter\Boot::bootWeb(Object(Config\Paths))
WARNING - 2026-05-11 16:36:56 --> [DEPRECATED] Passing lowercase HTTP method "post" is deprecated. Use uppercase HTTP method like "POST". in SYSTEMPATH/Router/RouteCollection.php on line 1026.
 1 SYSTEMPATH/Router/RouteCollection.php(1026): trigger_error('Passing lowercase HTTP method "post" is deprecated. Use uppercase HTTP method like "POST".', 16384)
 2 APPPATH/Config/Routes.php(59): CodeIgniter\Router\RouteCollection->match([...], 'regime/create', '\\App\\Controllers\\Regimes\\RegimeController::create')
 3 SYSTEMPATH/Router/RouteCollection.php(799): CodeIgniter\Router\RouteCollection->{closure}(Object(CodeIgniter\Router\RouteCollection))
 4 APPPATH/Config/Routes.php(56): CodeIgniter\Router\RouteCollection->group('admin', [...], Object(Closure))
 5 SYSTEMPATH/Router/RouteCollection.php(339): require('/home/angeli/Asa/MrRojo/Regime/app/Config/Routes.php')
 6 SYSTEMPATH/CodeIgniter.php(818): CodeIgniter\Router\RouteCollection->loadRoutes()
 7 SYSTEMPATH/CodeIgniter.php(441): CodeIgniter\CodeIgniter->tryToRouteIt(null)
 8 SYSTEMPATH/CodeIgniter.php(340): CodeIgniter\CodeIgniter->handleRequest(null, Object(Config\Cache), false)
 9 SYSTEMPATH/Boot.php(417): CodeIgniter\CodeIgniter->run()
10 SYSTEMPATH/Boot.php(68): CodeIgniter\Boot::runCodeIgniter(Object(CodeIgniter\CodeIgniter))
11 FCPATH/index.php(59): CodeIgniter\Boot::bootWeb(Object(Config\Paths))
WARNING - 2026-05-11 16:36:56 --> [DEPRECATED] Passing lowercase HTTP method "get" is deprecated. Use uppercase HTTP method like "GET". in SYSTEMPATH/Router/RouteCollection.php on line 1026.
 1 SYSTEMPATH/Router/RouteCollection.php(1026): trigger_error('Passing lowercase HTTP method "get" is deprecated. Use uppercase HTTP method like "GET".', 16384)
 2 APPPATH/Config/Routes.php(60): CodeIgniter\Router\RouteCollection->match([...], 'regime/edit/(:num)', '\\App\\Controllers\\Regimes\\RegimeController::edit/$1')
 3 SYSTEMPATH/Router/RouteCollection.php(799): CodeIgniter\Router\RouteCollection->{closure}(Object(CodeIgniter\Router\RouteCollection))
 4 APPPATH/Config/Routes.php(56): CodeIgniter\Router\RouteCollection->group('admin', [...], Object(Closure))
 5 SYSTEMPATH/Router/RouteCollection.php(339): require('/home/angeli/Asa/MrRojo/Regime/app/Config/Routes.php')
 6 SYSTEMPATH/CodeIgniter.php(818): CodeIgniter\Router\RouteCollection->loadRoutes()
 7 SYSTEMPATH/CodeIgniter.php(441): CodeIgniter\CodeIgniter->tryToRouteIt(null)
 8 SYSTEMPATH/CodeIgniter.php(340): CodeIgniter\CodeIgniter->handleRequest(null, Object(Config\Cache), false)
 9 SYSTEMPATH/Boot.php(417): CodeIgniter\CodeIgniter->run()
10 SYSTEMPATH/Boot.php(68): CodeIgniter\Boot::runCodeIgniter(Object(CodeIgniter\CodeIgniter))
11 FCPATH/index.php(59): CodeIgniter\Boot::bootWeb(Object(Config\Paths))
WARNING - 2026-05-11 16:36:56 --> [DEPRECATED] Passing lowercase HTTP method "post" is deprecated. Use uppercase HTTP method like "POST". in SYSTEMPATH/Router/RouteCollection.php on line 1026.
 1 SYSTEMPATH/Router/RouteCollection.php(1026): trigger_error('Passing lowercase HTTP method "post" is deprecated. Use uppercase HTTP method like "POST".', 16384)
 2 APPPATH/Config/Routes.php(60): CodeIgniter\Router\RouteCollection->match([...], 'regime/edit/(:num)', '\\App\\Controllers\\Regimes\\RegimeController::edit/$1')
 3 SYSTEMPATH/Router/RouteCollection.php(799): CodeIgniter\Router\RouteCollection->{closure}(Object(CodeIgniter\Router\RouteCollection))
 4 APPPATH/Config/Routes.php(56): CodeIgniter\Router\RouteCollection->group('admin', [...], Object(Closure))
 5 SYSTEMPATH/Router/RouteCollection.php(339): require('/home/angeli/Asa/MrRojo/Regime/app/Config/Routes.php')
 6 SYSTEMPATH/CodeIgniter.php(818): CodeIgniter\Router\RouteCollection->loadRoutes()
 7 SYSTEMPATH/CodeIgniter.php(441): CodeIgniter\CodeIgniter->tryToRouteIt(null)
 8 SYSTEMPATH/CodeIgniter.php(340): CodeIgniter\CodeIgniter->handleRequest(null, Object(Config\Cache), false)
 9 SYSTEMPATH/Boot.php(417): CodeIgniter\CodeIgniter->run()
10 SYSTEMPATH/Boot.php(68): CodeIgniter\Boot::runCodeIgniter(Object(CodeIgniter\CodeIgniter))
11 FCPATH/index.php(59): CodeIgniter\Boot::bootWeb(Object(Config\Paths))
WARNING - 2026-05-11 16:36:56 --> [DEPRECATED] Passing lowercase HTTP method "get" is deprecated. Use uppercase HTTP method like "GET". in SYSTEMPATH/Router/RouteCollection.php on line 1026.
 1 SYSTEMPATH/Router/RouteCollection.php(1026): trigger_error('Passing lowercase HTTP method "get" is deprecated. Use uppercase HTTP method like "GET".', 16384)
 2 APPPATH/Config/Routes.php(64): CodeIgniter\Router\RouteCollection->match([...], 'sport/create', '\\App\\Controllers\\Activites\\ActiviteController::create')
 3 SYSTEMPATH/Router/RouteCollection.php(799): CodeIgniter\Router\RouteCollection->{closure}(Object(CodeIgniter\Router\RouteCollection))
 4 APPPATH/Config/Routes.php(56): CodeIgniter\Router\RouteCollection->group('admin', [...], Object(Closure))
 5 SYSTEMPATH/Router/RouteCollection.php(339): require('/home/angeli/Asa/MrRojo/Regime/app/Config/Routes.php')
 6 SYSTEMPATH/CodeIgniter.php(818): CodeIgniter\Router\RouteCollection->loadRoutes()
 7 SYSTEMPATH/CodeIgniter.php(441): CodeIgniter\CodeIgniter->tryToRouteIt(null)
 8 SYSTEMPATH/CodeIgniter.php(340): CodeIgniter\CodeIgniter->handleRequest(null, Object(Config\Cache), false)
 9 SYSTEMPATH/Boot.php(417): CodeIgniter\CodeIgniter->run()
10 SYSTEMPATH/Boot.php(68): CodeIgniter\Boot::runCodeIgniter(Object(CodeIgniter\CodeIgniter))
11 FCPATH/index.php(59): CodeIgniter\Boot::bootWeb(Object(Config\Paths))
WARNING - 2026-05-11 16:36:56 --> [DEPRECATED] Passing lowercase HTTP method "post" is deprecated. Use uppercase HTTP method like "POST". in SYSTEMPATH/Router/RouteCollection.php on line 1026.
 1 SYSTEMPATH/Router/RouteCollection.php(1026): trigger_error('Passing lowercase HTTP method "post" is deprecated. Use uppercase HTTP method like "POST".', 16384)
 2 APPPATH/Config/Routes.php(64): CodeIgniter\Router\RouteCollection->match([...], 'sport/create', '\\App\\Controllers\\Activites\\ActiviteController::create')
 3 SYSTEMPATH/Router/RouteCollection.php(799): CodeIgniter\Router\RouteCollection->{closure}(Object(CodeIgniter\Router\RouteCollection))
 4 APPPATH/Config/Routes.php(56): CodeIgniter\Router\RouteCollection->group('admin', [...], Object(Closure))
 5 SYSTEMPATH/Router/RouteCollection.php(339): require('/home/angeli/Asa/MrRojo/Regime/app/Config/Routes.php')
 6 SYSTEMPATH/CodeIgniter.php(818): CodeIgniter\Router\RouteCollection->loadRoutes()
 7 SYSTEMPATH/CodeIgniter.php(441): CodeIgniter\CodeIgniter->tryToRouteIt(null)
 8 SYSTEMPATH/CodeIgniter.php(340): CodeIgniter\CodeIgniter->handleRequest(null, Object(Config\Cache), false)
 9 SYSTEMPATH/Boot.php(417): CodeIgniter\CodeIgniter->run()
10 SYSTEMPATH/Boot.php(68): CodeIgniter\Boot::runCodeIgniter(Object(CodeIgniter\CodeIgniter))
11 FCPATH/index.php(59): CodeIgniter\Boot::bootWeb(Object(Config\Paths))
WARNING - 2026-05-11 16:36:56 --> [DEPRECATED] Passing lowercase HTTP method "get" is deprecated. Use uppercase HTTP method like "GET". in SYSTEMPATH/Router/RouteCollection.php on line 1026.
 1 SYSTEMPATH/Router/RouteCollection.php(1026): trigger_error('Passing lowercase HTTP method "get" is deprecated. Use uppercase HTTP method like "GET".', 16384)
 2 APPPATH/Config/Routes.php(65): CodeIgniter\Router\RouteCollection->match([...], 'sport/edit/(:num)', '\\App\\Controllers\\Activites\\ActiviteController::edit/$1')
 3 SYSTEMPATH/Router/RouteCollection.php(799): CodeIgniter\Router\RouteCollection->{closure}(Object(CodeIgniter\Router\RouteCollection))
 4 APPPATH/Config/Routes.php(56): CodeIgniter\Router\RouteCollection->group('admin', [...], Object(Closure))
 5 SYSTEMPATH/Router/RouteCollection.php(339): require('/home/angeli/Asa/MrRojo/Regime/app/Config/Routes.php')
 6 SYSTEMPATH/CodeIgniter.php(818): CodeIgniter\Router\RouteCollection->loadRoutes()
 7 SYSTEMPATH/CodeIgniter.php(441): CodeIgniter\CodeIgniter->tryToRouteIt(null)
 8 SYSTEMPATH/CodeIgniter.php(340): CodeIgniter\CodeIgniter->handleRequest(null, Object(Config\Cache), false)
 9 SYSTEMPATH/Boot.php(417): CodeIgniter\CodeIgniter->run()
10 SYSTEMPATH/Boot.php(68): CodeIgniter\Boot::runCodeIgniter(Object(CodeIgniter\CodeIgniter))
11 FCPATH/index.php(59): CodeIgniter\Boot::bootWeb(Object(Config\Paths))
WARNING - 2026-05-11 16:36:56 --> [DEPRECATED] Passing lowercase HTTP method "post" is deprecated. Use uppercase HTTP method like "POST". in SYSTEMPATH/Router/RouteCollection.php on line 1026.
 1 SYSTEMPATH/Router/RouteCollection.php(1026): trigger_error('Passing lowercase HTTP method "post" is deprecated. Use uppercase HTTP method like "POST".', 16384)
 2 APPPATH/Config/Routes.php(65): CodeIgniter\Router\RouteCollection->match([...], 'sport/edit/(:num)', '\\App\\Controllers\\Activites\\ActiviteController::edit/$1')
 3 SYSTEMPATH/Router/RouteCollection.php(799): CodeIgniter\Router\RouteCollection->{closure}(Object(CodeIgniter\Router\RouteCollection))
 4 APPPATH/Config/Routes.php(56): CodeIgniter\Router\RouteCollection->group('admin', [...], Object(Closure))
 5 SYSTEMPATH/Router/RouteCollection.php(339): require('/home/angeli/Asa/MrRojo/Regime/app/Config/Routes.php')
 6 SYSTEMPATH/CodeIgniter.php(818): CodeIgniter\Router\RouteCollection->loadRoutes()
 7 SYSTEMPATH/CodeIgniter.php(441): CodeIgniter\CodeIgniter->tryToRouteIt(null)
 8 SYSTEMPATH/CodeIgniter.php(340): CodeIgniter\CodeIgniter->handleRequest(null, Object(Config\Cache), false)
 9 SYSTEMPATH/Boot.php(417): CodeIgniter\CodeIgniter->run()
10 SYSTEMPATH/Boot.php(68): CodeIgniter\Boot::runCodeIgniter(Object(CodeIgniter\CodeIgniter))
11 FCPATH/index.php(59): CodeIgniter\Boot::bootWeb(Object(Config\Paths))
WARNING - 2026-05-11 16:37:03 --> [DEPRECATED] Passing lowercase HTTP method "get" is deprecated. Use uppercase HTTP method like "GET". in SYSTEMPATH/Router/RouteCollection.php on line 1026.
 1 SYSTEMPATH/Router/RouteCollection.php(1026): trigger_error('Passing lowercase HTTP method "get" is deprecated. Use uppercase HTTP method like "GET".', 16384)
 2 APPPATH/Config/Routes.php(59): CodeIgniter\Router\RouteCollection->match([...], 'regime/create', '\\App\\Controllers\\Regimes\\RegimeController::create')
 3 SYSTEMPATH/Router/RouteCollection.php(799): CodeIgniter\Router\RouteCollection->{closure}(Object(CodeIgniter\Router\RouteCollection))
 4 APPPATH/Config/Routes.php(56): CodeIgniter\Router\RouteCollection->group('admin', [...], Object(Closure))
 5 SYSTEMPATH/Router/RouteCollection.php(339): require('/home/angeli/Asa/MrRojo/Regime/app/Config/Routes.php')
 6 SYSTEMPATH/CodeIgniter.php(818): CodeIgniter\Router\RouteCollection->loadRoutes()
 7 SYSTEMPATH/CodeIgniter.php(441): CodeIgniter\CodeIgniter->tryToRouteIt(null)
 8 SYSTEMPATH/CodeIgniter.php(340): CodeIgniter\CodeIgniter->handleRequest(null, Object(Config\Cache), false)
 9 SYSTEMPATH/Boot.php(417): CodeIgniter\CodeIgniter->run()
10 SYSTEMPATH/Boot.php(68): CodeIgniter\Boot::runCodeIgniter(Object(CodeIgniter\CodeIgniter))
11 FCPATH/index.php(59): CodeIgniter\Boot::bootWeb(Object(Config\Paths))
WARNING - 2026-05-11 16:37:03 --> [DEPRECATED] Passing lowercase HTTP method "post" is deprecated. Use uppercase HTTP method like "POST". in SYSTEMPATH/Router/RouteCollection.php on line 1026.
 1 SYSTEMPATH/Router/RouteCollection.php(1026): trigger_error('Passing lowercase HTTP method "post" is deprecated. Use uppercase HTTP method like "POST".', 16384)
 2 APPPATH/Config/Routes.php(59): CodeIgniter\Router\RouteCollection->match([...], 'regime/create', '\\App\\Controllers\\Regimes\\RegimeController::create')
 3 SYSTEMPATH/Router/RouteCollection.php(799): CodeIgniter\Router\RouteCollection->{closure}(Object(CodeIgniter\Router\RouteCollection))
 4 APPPATH/Config/Routes.php(56): CodeIgniter\Router\RouteCollection->group('admin', [...], Object(Closure))
 5 SYSTEMPATH/Router/RouteCollection.php(339): require('/home/angeli/Asa/MrRojo/Regime/app/Config/Routes.php')
 6 SYSTEMPATH/CodeIgniter.php(818): CodeIgniter\Router\RouteCollection->loadRoutes()
 7 SYSTEMPATH/CodeIgniter.php(441): CodeIgniter\CodeIgniter->tryToRouteIt(null)
 8 SYSTEMPATH/CodeIgniter.php(340): CodeIgniter\CodeIgniter->handleRequest(null, Object(Config\Cache), false)
 9 SYSTEMPATH/Boot.php(417): CodeIgniter\CodeIgniter->run()
10 SYSTEMPATH/Boot.php(68): CodeIgniter\Boot::runCodeIgniter(Object(CodeIgniter\CodeIgniter))
11 FCPATH/index.php(59): CodeIgniter\Boot::bootWeb(Object(Config\Paths))
WARNING - 2026-05-11 16:37:03 --> [DEPRECATED] Passing lowercase HTTP method "get" is deprecated. Use uppercase HTTP method like "GET". in SYSTEMPATH/Router/RouteCollection.php on line 1026.
 1 SYSTEMPATH/Router/RouteCollection.php(1026): trigger_error('Passing lowercase HTTP method "get" is deprecated. Use uppercase HTTP method like "GET".', 16384)
 2 APPPATH/Config/Routes.php(60): CodeIgniter\Router\RouteCollection->match([...], 'regime/edit/(:num)', '\\App\\Controllers\\Regimes\\RegimeController::edit/$1')
 3 SYSTEMPATH/Router/RouteCollection.php(799): CodeIgniter\Router\RouteCollection->{closure}(Object(CodeIgniter\Router\RouteCollection))
 4 APPPATH/Config/Routes.php(56): CodeIgniter\Router\RouteCollection->group('admin', [...], Object(Closure))
 5 SYSTEMPATH/Router/RouteCollection.php(339): require('/home/angeli/Asa/MrRojo/Regime/app/Config/Routes.php')
 6 SYSTEMPATH/CodeIgniter.php(818): CodeIgniter\Router\RouteCollection->loadRoutes()
 7 SYSTEMPATH/CodeIgniter.php(441): CodeIgniter\CodeIgniter->tryToRouteIt(null)
 8 SYSTEMPATH/CodeIgniter.php(340): CodeIgniter\CodeIgniter->handleRequest(null, Object(Config\Cache), false)
 9 SYSTEMPATH/Boot.php(417): CodeIgniter\CodeIgniter->run()
10 SYSTEMPATH/Boot.php(68): CodeIgniter\Boot::runCodeIgniter(Object(CodeIgniter\CodeIgniter))
11 FCPATH/index.php(59): CodeIgniter\Boot::bootWeb(Object(Config\Paths))
WARNING - 2026-05-11 16:37:03 --> [DEPRECATED] Passing lowercase HTTP method "post" is deprecated. Use uppercase HTTP method like "POST". in SYSTEMPATH/Router/RouteCollection.php on line 1026.
 1 SYSTEMPATH/Router/RouteCollection.php(1026): trigger_error('Passing lowercase HTTP method "post" is deprecated. Use uppercase HTTP method like "POST".', 16384)
 2 APPPATH/Config/Routes.php(60): CodeIgniter\Router\RouteCollection->match([...], 'regime/edit/(:num)', '\\App\\Controllers\\Regimes\\RegimeController::edit/$1')
 3 SYSTEMPATH/Router/RouteCollection.php(799): CodeIgniter\Router\RouteCollection->{closure}(Object(CodeIgniter\Router\RouteCollection))
 4 APPPATH/Config/Routes.php(56): CodeIgniter\Router\RouteCollection->group('admin', [...], Object(Closure))
 5 SYSTEMPATH/Router/RouteCollection.php(339): require('/home/angeli/Asa/MrRojo/Regime/app/Config/Routes.php')
 6 SYSTEMPATH/CodeIgniter.php(818): CodeIgniter\Router\RouteCollection->loadRoutes()
 7 SYSTEMPATH/CodeIgniter.php(441): CodeIgniter\CodeIgniter->tryToRouteIt(null)
 8 SYSTEMPATH/CodeIgniter.php(340): CodeIgniter\CodeIgniter->handleRequest(null, Object(Config\Cache), false)
 9 SYSTEMPATH/Boot.php(417): CodeIgniter\CodeIgniter->run()
10 SYSTEMPATH/Boot.php(68): CodeIgniter\Boot::runCodeIgniter(Object(CodeIgniter\CodeIgniter))
11 FCPATH/index.php(59): CodeIgniter\Boot::bootWeb(Object(Config\Paths))
WARNING - 2026-05-11 16:37:03 --> [DEPRECATED] Passing lowercase HTTP method "get" is deprecated. Use uppercase HTTP method like "GET". in SYSTEMPATH/Router/RouteCollection.php on line 1026.
 1 SYSTEMPATH/Router/RouteCollection.php(1026): trigger_error('Passing lowercase HTTP method "get" is deprecated. Use uppercase HTTP method like "GET".', 16384)
 2 APPPATH/Config/Routes.php(64): CodeIgniter\Router\RouteCollection->match([...], 'sport/create', '\\App\\Controllers\\Activites\\ActiviteController::create')
 3 SYSTEMPATH/Router/RouteCollection.php(799): CodeIgniter\Router\RouteCollection->{closure}(Object(CodeIgniter\Router\RouteCollection))
 4 APPPATH/Config/Routes.php(56): CodeIgniter\Router\RouteCollection->group('admin', [...], Object(Closure))
 5 SYSTEMPATH/Router/RouteCollection.php(339): require('/home/angeli/Asa/MrRojo/Regime/app/Config/Routes.php')
 6 SYSTEMPATH/CodeIgniter.php(818): CodeIgniter\Router\RouteCollection->loadRoutes()
 7 SYSTEMPATH/CodeIgniter.php(441): CodeIgniter\CodeIgniter->tryToRouteIt(null)
 8 SYSTEMPATH/CodeIgniter.php(340): CodeIgniter\CodeIgniter->handleRequest(null, Object(Config\Cache), false)
 9 SYSTEMPATH/Boot.php(417): CodeIgniter\CodeIgniter->run()
10 SYSTEMPATH/Boot.php(68): CodeIgniter\Boot::runCodeIgniter(Object(CodeIgniter\CodeIgniter))
11 FCPATH/index.php(59): CodeIgniter\Boot::bootWeb(Object(Config\Paths))
WARNING - 2026-05-11 16:37:03 --> [DEPRECATED] Passing lowercase HTTP method "post" is deprecated. Use uppercase HTTP method like "POST". in SYSTEMPATH/Router/RouteCollection.php on line 1026.
 1 SYSTEMPATH/Router/RouteCollection.php(1026): trigger_error('Passing lowercase HTTP method "post" is deprecated. Use uppercase HTTP method like "POST".', 16384)
 2 APPPATH/Config/Routes.php(64): CodeIgniter\Router\RouteCollection->match([...], 'sport/create', '\\App\\Controllers\\Activites\\ActiviteController::create')
 3 SYSTEMPATH/Router/RouteCollection.php(799): CodeIgniter\Router\RouteCollection->{closure}(Object(CodeIgniter\Router\RouteCollection))
 4 APPPATH/Config/Routes.php(56): CodeIgniter\Router\RouteCollection->group('admin', [...], Object(Closure))
 5 SYSTEMPATH/Router/RouteCollection.php(339): require('/home/angeli/Asa/MrRojo/Regime/app/Config/Routes.php')
 6 SYSTEMPATH/CodeIgniter.php(818): CodeIgniter\Router\RouteCollection->loadRoutes()
 7 SYSTEMPATH/CodeIgniter.php(441): CodeIgniter\CodeIgniter->tryToRouteIt(null)
 8 SYSTEMPATH/CodeIgniter.php(340): CodeIgniter\CodeIgniter->handleRequest(null, Object(Config\Cache), false)
 9 SYSTEMPATH/Boot.php(417): CodeIgniter\CodeIgniter->run()
10 SYSTEMPATH/Boot.php(68): CodeIgniter\Boot::runCodeIgniter(Object(CodeIgniter\CodeIgniter))
11 FCPATH/index.php(59): CodeIgniter\Boot::bootWeb(Object(Config\Paths))
WARNING - 2026-05-11 16:37:03 --> [DEPRECATED] Passing lowercase HTTP method "get" is deprecated. Use uppercase HTTP method like "GET". in SYSTEMPATH/Router/RouteCollection.php on line 1026.
 1 SYSTEMPATH/Router/RouteCollection.php(1026): trigger_error('Passing lowercase HTTP method "get" is deprecated. Use uppercase HTTP method like "GET".', 16384)
 2 APPPATH/Config/Routes.php(65): CodeIgniter\Router\RouteCollection->match([...], 'sport/edit/(:num)', '\\App\\Controllers\\Activites\\ActiviteController::edit/$1')
 3 SYSTEMPATH/Router/RouteCollection.php(799): CodeIgniter\Router\RouteCollection->{closure}(Object(CodeIgniter\Router\RouteCollection))
 4 APPPATH/Config/Routes.php(56): CodeIgniter\Router\RouteCollection->group('admin', [...], Object(Closure))
 5 SYSTEMPATH/Router/RouteCollection.php(339): require('/home/angeli/Asa/MrRojo/Regime/app/Config/Routes.php')
 6 SYSTEMPATH/CodeIgniter.php(818): CodeIgniter\Router\RouteCollection->loadRoutes()
 7 SYSTEMPATH/CodeIgniter.php(441): CodeIgniter\CodeIgniter->tryToRouteIt(null)
 8 SYSTEMPATH/CodeIgniter.php(340): CodeIgniter\CodeIgniter->handleRequest(null, Object(Config\Cache), false)
 9 SYSTEMPATH/Boot.php(417): CodeIgniter\CodeIgniter->run()
10 SYSTEMPATH/Boot.php(68): CodeIgniter\Boot::runCodeIgniter(Object(CodeIgniter\CodeIgniter))
11 FCPATH/index.php(59): CodeIgniter\Boot::bootWeb(Object(Config\Paths))
WARNING - 2026-05-11 16:37:03 --> [DEPRECATED] Passing lowercase HTTP method "post" is deprecated. Use uppercase HTTP method like "POST". in SYSTEMPATH/Router/RouteCollection.php on line 1026.
 1 SYSTEMPATH/Router/RouteCollection.php(1026): trigger_error('Passing lowercase HTTP method "post" is deprecated. Use uppercase HTTP method like "POST".', 16384)
 2 APPPATH/Config/Routes.php(65): CodeIgniter\Router\RouteCollection->match([...], 'sport/edit/(:num)', '\\App\\Controllers\\Activites\\ActiviteController::edit/$1')
 3 SYSTEMPATH/Router/RouteCollection.php(799): CodeIgniter\Router\RouteCollection->{closure}(Object(CodeIgniter\Router\RouteCollection))
 4 APPPATH/Config/Routes.php(56): CodeIgniter\Router\RouteCollection->group('admin', [...], Object(Closure))
 5 SYSTEMPATH/Router/RouteCollection.php(339): require('/home/angeli/Asa/MrRojo/Regime/app/Config/Routes.php')
 6 SYSTEMPATH/CodeIgniter.php(818): CodeIgniter\Router\RouteCollection->loadRoutes()
 7 SYSTEMPATH/CodeIgniter.php(441): CodeIgniter\CodeIgniter->tryToRouteIt(null)
 8 SYSTEMPATH/CodeIgniter.php(340): CodeIgniter\CodeIgniter->handleRequest(null, Object(Config\Cache), false)
 9 SYSTEMPATH/Boot.php(417): CodeIgniter\CodeIgniter->run()
10 SYSTEMPATH/Boot.php(68): CodeIgniter\Boot::runCodeIgniter(Object(CodeIgniter\CodeIgniter))
11 FCPATH/index.php(59): CodeIgniter\Boot::bootWeb(Object(Config\Paths))
WARNING - 2026-05-11 16:37:14 --> [DEPRECATED] Passing lowercase HTTP method "get" is deprecated. Use uppercase HTTP method like "GET". in SYSTEMPATH/Router/RouteCollection.php on line 1026.
 1 SYSTEMPATH/Router/RouteCollection.php(1026): trigger_error('Passing lowercase HTTP method "get" is deprecated. Use uppercase HTTP method like "GET".', 16384)
 2 APPPATH/Config/Routes.php(59): CodeIgniter\Router\RouteCollection->match([...], 'regime/create', '\\App\\Controllers\\Regimes\\RegimeController::create')
 3 SYSTEMPATH/Router/RouteCollection.php(799): CodeIgniter\Router\RouteCollection->{closure}(Object(CodeIgniter\Router\RouteCollection))
 4 APPPATH/Config/Routes.php(56): CodeIgniter\Router\RouteCollection->group('admin', [...], Object(Closure))
 5 SYSTEMPATH/Router/RouteCollection.php(339): require('/home/angeli/Asa/MrRojo/Regime/app/Config/Routes.php')
 6 SYSTEMPATH/CodeIgniter.php(818): CodeIgniter\Router\RouteCollection->loadRoutes()
 7 SYSTEMPATH/CodeIgniter.php(441): CodeIgniter\CodeIgniter->tryToRouteIt(null)
 8 SYSTEMPATH/CodeIgniter.php(340): CodeIgniter\CodeIgniter->handleRequest(null, Object(Config\Cache), false)
 9 SYSTEMPATH/Boot.php(417): CodeIgniter\CodeIgniter->run()
10 SYSTEMPATH/Boot.php(68): CodeIgniter\Boot::runCodeIgniter(Object(CodeIgniter\CodeIgniter))
11 FCPATH/index.php(59): CodeIgniter\Boot::bootWeb(Object(Config\Paths))
WARNING - 2026-05-11 16:37:14 --> [DEPRECATED] Passing lowercase HTTP method "post" is deprecated. Use uppercase HTTP method like "POST". in SYSTEMPATH/Router/RouteCollection.php on line 1026.
 1 SYSTEMPATH/Router/RouteCollection.php(1026): trigger_error('Passing lowercase HTTP method "post" is deprecated. Use uppercase HTTP method like "POST".', 16384)
 2 APPPATH/Config/Routes.php(59): CodeIgniter\Router\RouteCollection->match([...], 'regime/create', '\\App\\Controllers\\Regimes\\RegimeController::create')
 3 SYSTEMPATH/Router/RouteCollection.php(799): CodeIgniter\Router\RouteCollection->{closure}(Object(CodeIgniter\Router\RouteCollection))
 4 APPPATH/Config/Routes.php(56): CodeIgniter\Router\RouteCollection->group('admin', [...], Object(Closure))
 5 SYSTEMPATH/Router/RouteCollection.php(339): require('/home/angeli/Asa/MrRojo/Regime/app/Config/Routes.php')
 6 SYSTEMPATH/CodeIgniter.php(818): CodeIgniter\Router\RouteCollection->loadRoutes()
 7 SYSTEMPATH/CodeIgniter.php(441): CodeIgniter\CodeIgniter->tryToRouteIt(null)
 8 SYSTEMPATH/CodeIgniter.php(340): CodeIgniter\CodeIgniter->handleRequest(null, Object(Config\Cache), false)
 9 SYSTEMPATH/Boot.php(417): CodeIgniter\CodeIgniter->run()
10 SYSTEMPATH/Boot.php(68): CodeIgniter\Boot::runCodeIgniter(Object(CodeIgniter\CodeIgniter))
11 FCPATH/index.php(59): CodeIgniter\Boot::bootWeb(Object(Config\Paths))
WARNING - 2026-05-11 16:37:14 --> [DEPRECATED] Passing lowercase HTTP method "get" is deprecated. Use uppercase HTTP method like "GET". in SYSTEMPATH/Router/RouteCollection.php on line 1026.
 1 SYSTEMPATH/Router/RouteCollection.php(1026): trigger_error('Passing lowercase HTTP method "get" is deprecated. Use uppercase HTTP method like "GET".', 16384)
 2 APPPATH/Config/Routes.php(60): CodeIgniter\Router\RouteCollection->match([...], 'regime/edit/(:num)', '\\App\\Controllers\\Regimes\\RegimeController::edit/$1')
 3 SYSTEMPATH/Router/RouteCollection.php(799): CodeIgniter\Router\RouteCollection->{closure}(Object(CodeIgniter\Router\RouteCollection))
 4 APPPATH/Config/Routes.php(56): CodeIgniter\Router\RouteCollection->group('admin', [...], Object(Closure))
 5 SYSTEMPATH/Router/RouteCollection.php(339): require('/home/angeli/Asa/MrRojo/Regime/app/Config/Routes.php')
 6 SYSTEMPATH/CodeIgniter.php(818): CodeIgniter\Router\RouteCollection->loadRoutes()
 7 SYSTEMPATH/CodeIgniter.php(441): CodeIgniter\CodeIgniter->tryToRouteIt(null)
 8 SYSTEMPATH/CodeIgniter.php(340): CodeIgniter\CodeIgniter->handleRequest(null, Object(Config\Cache), false)
 9 SYSTEMPATH/Boot.php(417): CodeIgniter\CodeIgniter->run()
10 SYSTEMPATH/Boot.php(68): CodeIgniter\Boot::runCodeIgniter(Object(CodeIgniter\CodeIgniter))
11 FCPATH/index.php(59): CodeIgniter\Boot::bootWeb(Object(Config\Paths))
WARNING - 2026-05-11 16:37:14 --> [DEPRECATED] Passing lowercase HTTP method "post" is deprecated. Use uppercase HTTP method like "POST". in SYSTEMPATH/Router/RouteCollection.php on line 1026.
 1 SYSTEMPATH/Router/RouteCollection.php(1026): trigger_error('Passing lowercase HTTP method "post" is deprecated. Use uppercase HTTP method like "POST".', 16384)
 2 APPPATH/Config/Routes.php(60): CodeIgniter\Router\RouteCollection->match([...], 'regime/edit/(:num)', '\\App\\Controllers\\Regimes\\RegimeController::edit/$1')
 3 SYSTEMPATH/Router/RouteCollection.php(799): CodeIgniter\Router\RouteCollection->{closure}(Object(CodeIgniter\Router\RouteCollection))
 4 APPPATH/Config/Routes.php(56): CodeIgniter\Router\RouteCollection->group('admin', [...], Object(Closure))
 5 SYSTEMPATH/Router/RouteCollection.php(339): require('/home/angeli/Asa/MrRojo/Regime/app/Config/Routes.php')
 6 SYSTEMPATH/CodeIgniter.php(818): CodeIgniter\Router\RouteCollection->loadRoutes()
 7 SYSTEMPATH/CodeIgniter.php(441): CodeIgniter\CodeIgniter->tryToRouteIt(null)
 8 SYSTEMPATH/CodeIgniter.php(340): CodeIgniter\CodeIgniter->handleRequest(null, Object(Config\Cache), false)
 9 SYSTEMPATH/Boot.php(417): CodeIgniter\CodeIgniter->run()
10 SYSTEMPATH/Boot.php(68): CodeIgniter\Boot::runCodeIgniter(Object(CodeIgniter\CodeIgniter))
11 FCPATH/index.php(59): CodeIgniter\Boot::bootWeb(Object(Config\Paths))
WARNING - 2026-05-11 16:37:14 --> [DEPRECATED] Passing lowercase HTTP method "get" is deprecated. Use uppercase HTTP method like "GET". in SYSTEMPATH/Router/RouteCollection.php on line 1026.
 1 SYSTEMPATH/Router/RouteCollection.php(1026): trigger_error('Passing lowercase HTTP method "get" is deprecated. Use uppercase HTTP method like "GET".', 16384)
 2 APPPATH/Config/Routes.php(64): CodeIgniter\Router\RouteCollection->match([...], 'sport/create', '\\App\\Controllers\\Activites\\ActiviteController::create')
 3 SYSTEMPATH/Router/RouteCollection.php(799): CodeIgniter\Router\RouteCollection->{closure}(Object(CodeIgniter\Router\RouteCollection))
 4 APPPATH/Config/Routes.php(56): CodeIgniter\Router\RouteCollection->group('admin', [...], Object(Closure))
 5 SYSTEMPATH/Router/RouteCollection.php(339): require('/home/angeli/Asa/MrRojo/Regime/app/Config/Routes.php')
 6 SYSTEMPATH/CodeIgniter.php(818): CodeIgniter\Router\RouteCollection->loadRoutes()
 7 SYSTEMPATH/CodeIgniter.php(441): CodeIgniter\CodeIgniter->tryToRouteIt(null)
 8 SYSTEMPATH/CodeIgniter.php(340): CodeIgniter\CodeIgniter->handleRequest(null, Object(Config\Cache), false)
 9 SYSTEMPATH/Boot.php(417): CodeIgniter\CodeIgniter->run()
10 SYSTEMPATH/Boot.php(68): CodeIgniter\Boot::runCodeIgniter(Object(CodeIgniter\CodeIgniter))
11 FCPATH/index.php(59): CodeIgniter\Boot::bootWeb(Object(Config\Paths))
WARNING - 2026-05-11 16:37:14 --> [DEPRECATED] Passing lowercase HTTP method "post" is deprecated. Use uppercase HTTP method like "POST". in SYSTEMPATH/Router/RouteCollection.php on line 1026.
 1 SYSTEMPATH/Router/RouteCollection.php(1026): trigger_error('Passing lowercase HTTP method "post" is deprecated. Use uppercase HTTP method like "POST".', 16384)
 2 APPPATH/Config/Routes.php(64): CodeIgniter\Router\RouteCollection->match([...], 'sport/create', '\\App\\Controllers\\Activites\\ActiviteController::create')
 3 SYSTEMPATH/Router/RouteCollection.php(799): CodeIgniter\Router\RouteCollection->{closure}(Object(CodeIgniter\Router\RouteCollection))
 4 APPPATH/Config/Routes.php(56): CodeIgniter\Router\RouteCollection->group('admin', [...], Object(Closure))
 5 SYSTEMPATH/Router/RouteCollection.php(339): require('/home/angeli/Asa/MrRojo/Regime/app/Config/Routes.php')
 6 SYSTEMPATH/CodeIgniter.php(818): CodeIgniter\Router\RouteCollection->loadRoutes()
 7 SYSTEMPATH/CodeIgniter.php(441): CodeIgniter\CodeIgniter->tryToRouteIt(null)
 8 SYSTEMPATH/CodeIgniter.php(340): CodeIgniter\CodeIgniter->handleRequest(null, Object(Config\Cache), false)
 9 SYSTEMPATH/Boot.php(417): CodeIgniter\CodeIgniter->run()
10 SYSTEMPATH/Boot.php(68): CodeIgniter\Boot::runCodeIgniter(Object(CodeIgniter\CodeIgniter))
11 FCPATH/index.php(59): CodeIgniter\Boot::bootWeb(Object(Config\Paths))
WARNING - 2026-05-11 16:37:14 --> [DEPRECATED] Passing lowercase HTTP method "get" is deprecated. Use uppercase HTTP method like "GET". in SYSTEMPATH/Router/RouteCollection.php on line 1026.
 1 SYSTEMPATH/Router/RouteCollection.php(1026): trigger_error('Passing lowercase HTTP method "get" is deprecated. Use uppercase HTTP method like "GET".', 16384)
 2 APPPATH/Config/Routes.php(65): CodeIgniter\Router\RouteCollection->match([...], 'sport/edit/(:num)', '\\App\\Controllers\\Activites\\ActiviteController::edit/$1')
 3 SYSTEMPATH/Router/RouteCollection.php(799): CodeIgniter\Router\RouteCollection->{closure}(Object(CodeIgniter\Router\RouteCollection))
 4 APPPATH/Config/Routes.php(56): CodeIgniter\Router\RouteCollection->group('admin', [...], Object(Closure))
 5 SYSTEMPATH/Router/RouteCollection.php(339): require('/home/angeli/Asa/MrRojo/Regime/app/Config/Routes.php')
 6 SYSTEMPATH/CodeIgniter.php(818): CodeIgniter\Router\RouteCollection->loadRoutes()
 7 SYSTEMPATH/CodeIgniter.php(441): CodeIgniter\CodeIgniter->tryToRouteIt(null)
 8 SYSTEMPATH/CodeIgniter.php(340): CodeIgniter\CodeIgniter->handleRequest(null, Object(Config\Cache), false)
 9 SYSTEMPATH/Boot.php(417): CodeIgniter\CodeIgniter->run()
10 SYSTEMPATH/Boot.php(68): CodeIgniter\Boot::runCodeIgniter(Object(CodeIgniter\CodeIgniter))
11 FCPATH/index.php(59): CodeIgniter\Boot::bootWeb(Object(Config\Paths))
WARNING - 2026-05-11 16:37:14 --> [DEPRECATED] Passing lowercase HTTP method "post" is deprecated. Use uppercase HTTP method like "POST". in SYSTEMPATH/Router/RouteCollection.php on line 1026.
 1 SYSTEMPATH/Router/RouteCollection.php(1026): trigger_error('Passing lowercase HTTP method "post" is deprecated. Use uppercase HTTP method like "POST".', 16384)
 2 APPPATH/Config/Routes.php(65): CodeIgniter\Router\RouteCollection->match([...], 'sport/edit/(:num)', '\\App\\Controllers\\Activites\\ActiviteController::edit/$1')
 3 SYSTEMPATH/Router/RouteCollection.php(799): CodeIgniter\Router\RouteCollection->{closure}(Object(CodeIgniter\Router\RouteCollection))
 4 APPPATH/Config/Routes.php(56): CodeIgniter\Router\RouteCollection->group('admin', [...], Object(Closure))
 5 SYSTEMPATH/Router/RouteCollection.php(339): require('/home/angeli/Asa/MrRojo/Regime/app/Config/Routes.php')
 6 SYSTEMPATH/CodeIgniter.php(818): CodeIgniter\Router\RouteCollection->loadRoutes()
 7 SYSTEMPATH/CodeIgniter.php(441): CodeIgniter\CodeIgniter->tryToRouteIt(null)
 8 SYSTEMPATH/CodeIgniter.php(340): CodeIgniter\CodeIgniter->handleRequest(null, Object(Config\Cache), false)
 9 SYSTEMPATH/Boot.php(417): CodeIgniter\CodeIgniter->run()
10 SYSTEMPATH/Boot.php(68): CodeIgniter\Boot::runCodeIgniter(Object(CodeIgniter\CodeIgniter))
11 FCPATH/index.php(59): CodeIgniter\Boot::bootWeb(Object(Config\Paths))
DEBUG - 2026-05-11 16:37:14 --> Session: Class initialized using 'CodeIgniter\Session\Handlers\FileHandler' driver.
WARNING - 2026-05-11 16:38:27 --> [DEPRECATED] Passing lowercase HTTP method "get" is deprecated. Use uppercase HTTP method like "GET". in SYSTEMPATH/Router/RouteCollection.php on line 1026.
 1 SYSTEMPATH/Router/RouteCollection.php(1026): trigger_error('Passing lowercase HTTP method "get" is deprecated. Use uppercase HTTP method like "GET".', 16384)
 2 APPPATH/Config/Routes.php(59): CodeIgniter\Router\RouteCollection->match([...], 'regime/create', '\\App\\Controllers\\Regimes\\RegimeController::create')
 3 SYSTEMPATH/Router/RouteCollection.php(799): CodeIgniter\Router\RouteCollection->{closure}(Object(CodeIgniter\Router\RouteCollection))
 4 APPPATH/Config/Routes.php(56): CodeIgniter\Router\RouteCollection->group('admin', [...], Object(Closure))
 5 SYSTEMPATH/Router/RouteCollection.php(339): require('/home/angeli/Asa/MrRojo/Regime/app/Config/Routes.php')
 6 SYSTEMPATH/CodeIgniter.php(818): CodeIgniter\Router\RouteCollection->loadRoutes()
 7 SYSTEMPATH/CodeIgniter.php(441): CodeIgniter\CodeIgniter->tryToRouteIt(null)
 8 SYSTEMPATH/CodeIgniter.php(340): CodeIgniter\CodeIgniter->handleRequest(null, Object(Config\Cache), false)
 9 SYSTEMPATH/Boot.php(417): CodeIgniter\CodeIgniter->run()
10 SYSTEMPATH/Boot.php(68): CodeIgniter\Boot::runCodeIgniter(Object(CodeIgniter\CodeIgniter))
11 FCPATH/index.php(59): CodeIgniter\Boot::bootWeb(Object(Config\Paths))
WARNING - 2026-05-11 16:38:27 --> [DEPRECATED] Passing lowercase HTTP method "post" is deprecated. Use uppercase HTTP method like "POST". in SYSTEMPATH/Router/RouteCollection.php on line 1026.
 1 SYSTEMPATH/Router/RouteCollection.php(1026): trigger_error('Passing lowercase HTTP method "post" is deprecated. Use uppercase HTTP method like "POST".', 16384)
 2 APPPATH/Config/Routes.php(59): CodeIgniter\Router\RouteCollection->match([...], 'regime/create', '\\App\\Controllers\\Regimes\\RegimeController::create')
 3 SYSTEMPATH/Router/RouteCollection.php(799): CodeIgniter\Router\RouteCollection->{closure}(Object(CodeIgniter\Router\RouteCollection))
 4 APPPATH/Config/Routes.php(56): CodeIgniter\Router\RouteCollection->group('admin', [...], Object(Closure))
 5 SYSTEMPATH/Router/RouteCollection.php(339): require('/home/angeli/Asa/MrRojo/Regime/app/Config/Routes.php')
 6 SYSTEMPATH/CodeIgniter.php(818): CodeIgniter\Router\RouteCollection->loadRoutes()
 7 SYSTEMPATH/CodeIgniter.php(441): CodeIgniter\CodeIgniter->tryToRouteIt(null)
 8 SYSTEMPATH/CodeIgniter.php(340): CodeIgniter\CodeIgniter->handleRequest(null, Object(Config\Cache), false)
 9 SYSTEMPATH/Boot.php(417): CodeIgniter\CodeIgniter->run()
10 SYSTEMPATH/Boot.php(68): CodeIgniter\Boot::runCodeIgniter(Object(CodeIgniter\CodeIgniter))
11 FCPATH/index.php(59): CodeIgniter\Boot::bootWeb(Object(Config\Paths))
WARNING - 2026-05-11 16:38:27 --> [DEPRECATED] Passing lowercase HTTP method "get" is deprecated. Use uppercase HTTP method like "GET". in SYSTEMPATH/Router/RouteCollection.php on line 1026.
 1 SYSTEMPATH/Router/RouteCollection.php(1026): trigger_error('Passing lowercase HTTP method "get" is deprecated. Use uppercase HTTP method like "GET".', 16384)
 2 APPPATH/Config/Routes.php(60): CodeIgniter\Router\RouteCollection->match([...], 'regime/edit/(:num)', '\\App\\Controllers\\Regimes\\RegimeController::edit/$1')
 3 SYSTEMPATH/Router/RouteCollection.php(799): CodeIgniter\Router\RouteCollection->{closure}(Object(CodeIgniter\Router\RouteCollection))
 4 APPPATH/Config/Routes.php(56): CodeIgniter\Router\RouteCollection->group('admin', [...], Object(Closure))
 5 SYSTEMPATH/Router/RouteCollection.php(339): require('/home/angeli/Asa/MrRojo/Regime/app/Config/Routes.php')
 6 SYSTEMPATH/CodeIgniter.php(818): CodeIgniter\Router\RouteCollection->loadRoutes()
 7 SYSTEMPATH/CodeIgniter.php(441): CodeIgniter\CodeIgniter->tryToRouteIt(null)
 8 SYSTEMPATH/CodeIgniter.php(340): CodeIgniter\CodeIgniter->handleRequest(null, Object(Config\Cache), false)
 9 SYSTEMPATH/Boot.php(417): CodeIgniter\CodeIgniter->run()
10 SYSTEMPATH/Boot.php(68): CodeIgniter\Boot::runCodeIgniter(Object(CodeIgniter\CodeIgniter))
11 FCPATH/index.php(59): CodeIgniter\Boot::bootWeb(Object(Config\Paths))
WARNING - 2026-05-11 16:38:27 --> [DEPRECATED] Passing lowercase HTTP method "post" is deprecated. Use uppercase HTTP method like "POST". in SYSTEMPATH/Router/RouteCollection.php on line 1026.
 1 SYSTEMPATH/Router/RouteCollection.php(1026): trigger_error('Passing lowercase HTTP method "post" is deprecated. Use uppercase HTTP method like "POST".', 16384)
 2 APPPATH/Config/Routes.php(60): CodeIgniter\Router\RouteCollection->match([...], 'regime/edit/(:num)', '\\App\\Controllers\\Regimes\\RegimeController::edit/$1')
 3 SYSTEMPATH/Router/RouteCollection.php(799): CodeIgniter\Router\RouteCollection->{closure}(Object(CodeIgniter\Router\RouteCollection))
 4 APPPATH/Config/Routes.php(56): CodeIgniter\Router\RouteCollection->group('admin', [...], Object(Closure))
 5 SYSTEMPATH/Router/RouteCollection.php(339): require('/home/angeli/Asa/MrRojo/Regime/app/Config/Routes.php')
 6 SYSTEMPATH/CodeIgniter.php(818): CodeIgniter\Router\RouteCollection->loadRoutes()
 7 SYSTEMPATH/CodeIgniter.php(441): CodeIgniter\CodeIgniter->tryToRouteIt(null)
 8 SYSTEMPATH/CodeIgniter.php(340): CodeIgniter\CodeIgniter->handleRequest(null, Object(Config\Cache), false)
 9 SYSTEMPATH/Boot.php(417): CodeIgniter\CodeIgniter->run()
10 SYSTEMPATH/Boot.php(68): CodeIgniter\Boot::runCodeIgniter(Object(CodeIgniter\CodeIgniter))
11 FCPATH/index.php(59): CodeIgniter\Boot::bootWeb(Object(Config\Paths))
WARNING - 2026-05-11 16:38:27 --> [DEPRECATED] Passing lowercase HTTP method "get" is deprecated. Use uppercase HTTP method like "GET". in SYSTEMPATH/Router/RouteCollection.php on line 1026.
 1 SYSTEMPATH/Router/RouteCollection.php(1026): trigger_error('Passing lowercase HTTP method "get" is deprecated. Use uppercase HTTP method like "GET".', 16384)
 2 APPPATH/Config/Routes.php(64): CodeIgniter\Router\RouteCollection->match([...], 'sport/create', '\\App\\Controllers\\Activites\\ActiviteController::create')
 3 SYSTEMPATH/Router/RouteCollection.php(799): CodeIgniter\Router\RouteCollection->{closure}(Object(CodeIgniter\Router\RouteCollection))
 4 APPPATH/Config/Routes.php(56): CodeIgniter\Router\RouteCollection->group('admin', [...], Object(Closure))
 5 SYSTEMPATH/Router/RouteCollection.php(339): require('/home/angeli/Asa/MrRojo/Regime/app/Config/Routes.php')
 6 SYSTEMPATH/CodeIgniter.php(818): CodeIgniter\Router\RouteCollection->loadRoutes()
 7 SYSTEMPATH/CodeIgniter.php(441): CodeIgniter\CodeIgniter->tryToRouteIt(null)
 8 SYSTEMPATH/CodeIgniter.php(340): CodeIgniter\CodeIgniter->handleRequest(null, Object(Config\Cache), false)
 9 SYSTEMPATH/Boot.php(417): CodeIgniter\CodeIgniter->run()
10 SYSTEMPATH/Boot.php(68): CodeIgniter\Boot::runCodeIgniter(Object(CodeIgniter\CodeIgniter))
11 FCPATH/index.php(59): CodeIgniter\Boot::bootWeb(Object(Config\Paths))
WARNING - 2026-05-11 16:38:27 --> [DEPRECATED] Passing lowercase HTTP method "post" is deprecated. Use uppercase HTTP method like "POST". in SYSTEMPATH/Router/RouteCollection.php on line 1026.
 1 SYSTEMPATH/Router/RouteCollection.php(1026): trigger_error('Passing lowercase HTTP method "post" is deprecated. Use uppercase HTTP method like "POST".', 16384)
 2 APPPATH/Config/Routes.php(64): CodeIgniter\Router\RouteCollection->match([...], 'sport/create', '\\App\\Controllers\\Activites\\ActiviteController::create')
 3 SYSTEMPATH/Router/RouteCollection.php(799): CodeIgniter\Router\RouteCollection->{closure}(Object(CodeIgniter\Router\RouteCollection))
 4 APPPATH/Config/Routes.php(56): CodeIgniter\Router\RouteCollection->group('admin', [...], Object(Closure))
 5 SYSTEMPATH/Router/RouteCollection.php(339): require('/home/angeli/Asa/MrRojo/Regime/app/Config/Routes.php')
 6 SYSTEMPATH/CodeIgniter.php(818): CodeIgniter\Router\RouteCollection->loadRoutes()
 7 SYSTEMPATH/CodeIgniter.php(441): CodeIgniter\CodeIgniter->tryToRouteIt(null)
 8 SYSTEMPATH/CodeIgniter.php(340): CodeIgniter\CodeIgniter->handleRequest(null, Object(Config\Cache), false)
 9 SYSTEMPATH/Boot.php(417): CodeIgniter\CodeIgniter->run()
10 SYSTEMPATH/Boot.php(68): CodeIgniter\Boot::runCodeIgniter(Object(CodeIgniter\CodeIgniter))
11 FCPATH/index.php(59): CodeIgniter\Boot::bootWeb(Object(Config\Paths))
WARNING - 2026-05-11 16:38:27 --> [DEPRECATED] Passing lowercase HTTP method "get" is deprecated. Use uppercase HTTP method like "GET". in SYSTEMPATH/Router/RouteCollection.php on line 1026.
 1 SYSTEMPATH/Router/RouteCollection.php(1026): trigger_error('Passing lowercase HTTP method "get" is deprecated. Use uppercase HTTP method like "GET".', 16384)
 2 APPPATH/Config/Routes.php(65): CodeIgniter\Router\RouteCollection->match([...], 'sport/edit/(:num)', '\\App\\Controllers\\Activites\\ActiviteController::edit/$1')
 3 SYSTEMPATH/Router/RouteCollection.php(799): CodeIgniter\Router\RouteCollection->{closure}(Object(CodeIgniter\Router\RouteCollection))
 4 APPPATH/Config/Routes.php(56): CodeIgniter\Router\RouteCollection->group('admin', [...], Object(Closure))
 5 SYSTEMPATH/Router/RouteCollection.php(339): require('/home/angeli/Asa/MrRojo/Regime/app/Config/Routes.php')
 6 SYSTEMPATH/CodeIgniter.php(818): CodeIgniter\Router\RouteCollection->loadRoutes()
 7 SYSTEMPATH/CodeIgniter.php(441): CodeIgniter\CodeIgniter->tryToRouteIt(null)
 8 SYSTEMPATH/CodeIgniter.php(340): CodeIgniter\CodeIgniter->handleRequest(null, Object(Config\Cache), false)
 9 SYSTEMPATH/Boot.php(417): CodeIgniter\CodeIgniter->run()
10 SYSTEMPATH/Boot.php(68): CodeIgniter\Boot::runCodeIgniter(Object(CodeIgniter\CodeIgniter))
11 FCPATH/index.php(59): CodeIgniter\Boot::bootWeb(Object(Config\Paths))
WARNING - 2026-05-11 16:38:27 --> [DEPRECATED] Passing lowercase HTTP method "post" is deprecated. Use uppercase HTTP method like "POST". in SYSTEMPATH/Router/RouteCollection.php on line 1026.
 1 SYSTEMPATH/Router/RouteCollection.php(1026): trigger_error('Passing lowercase HTTP method "post" is deprecated. Use uppercase HTTP method like "POST".', 16384)
 2 APPPATH/Config/Routes.php(65): CodeIgniter\Router\RouteCollection->match([...], 'sport/edit/(:num)', '\\App\\Controllers\\Activites\\ActiviteController::edit/$1')
 3 SYSTEMPATH/Router/RouteCollection.php(799): CodeIgniter\Router\RouteCollection->{closure}(Object(CodeIgniter\Router\RouteCollection))
 4 APPPATH/Config/Routes.php(56): CodeIgniter\Router\RouteCollection->group('admin', [...], Object(Closure))
 5 SYSTEMPATH/Router/RouteCollection.php(339): require('/home/angeli/Asa/MrRojo/Regime/app/Config/Routes.php')
 6 SYSTEMPATH/CodeIgniter.php(818): CodeIgniter\Router\RouteCollection->loadRoutes()
 7 SYSTEMPATH/CodeIgniter.php(441): CodeIgniter\CodeIgniter->tryToRouteIt(null)
 8 SYSTEMPATH/CodeIgniter.php(340): CodeIgniter\CodeIgniter->handleRequest(null, Object(Config\Cache), false)
 9 SYSTEMPATH/Boot.php(417): CodeIgniter\CodeIgniter->run()
10 SYSTEMPATH/Boot.php(68): CodeIgniter\Boot::runCodeIgniter(Object(CodeIgniter\CodeIgniter))
11 FCPATH/index.php(59): CodeIgniter\Boot::bootWeb(Object(Config\Paths))
DEBUG - 2026-05-11 16:38:27 --> Session: Class initialized using 'CodeIgniter\Session\Handlers\FileHandler' driver.
WARNING - 2026-05-11 16:38:47 --> [DEPRECATED] Passing lowercase HTTP method "get" is deprecated. Use uppercase HTTP method like "GET". in SYSTEMPATH/Router/RouteCollection.php on line 1026.
 1 SYSTEMPATH/Router/RouteCollection.php(1026): trigger_error('Passing lowercase HTTP method "get" is deprecated. Use uppercase HTTP method like "GET".', 16384)
 2 APPPATH/Config/Routes.php(59): CodeIgniter\Router\RouteCollection->match([...], 'regime/create', '\\App\\Controllers\\Regimes\\RegimeController::create')
 3 SYSTEMPATH/Router/RouteCollection.php(799): CodeIgniter\Router\RouteCollection->{closure}(Object(CodeIgniter\Router\RouteCollection))
 4 APPPATH/Config/Routes.php(56): CodeIgniter\Router\RouteCollection->group('admin', [...], Object(Closure))
 5 SYSTEMPATH/Router/RouteCollection.php(339): require('/home/angeli/Asa/MrRojo/Regime/app/Config/Routes.php')
 6 SYSTEMPATH/CodeIgniter.php(818): CodeIgniter\Router\RouteCollection->loadRoutes()
 7 SYSTEMPATH/CodeIgniter.php(441): CodeIgniter\CodeIgniter->tryToRouteIt(null)
 8 SYSTEMPATH/CodeIgniter.php(340): CodeIgniter\CodeIgniter->handleRequest(null, Object(Config\Cache), false)
 9 SYSTEMPATH/Boot.php(417): CodeIgniter\CodeIgniter->run()
10 SYSTEMPATH/Boot.php(68): CodeIgniter\Boot::runCodeIgniter(Object(CodeIgniter\CodeIgniter))
11 FCPATH/index.php(59): CodeIgniter\Boot::bootWeb(Object(Config\Paths))
WARNING - 2026-05-11 16:38:47 --> [DEPRECATED] Passing lowercase HTTP method "post" is deprecated. Use uppercase HTTP method like "POST". in SYSTEMPATH/Router/RouteCollection.php on line 1026.
 1 SYSTEMPATH/Router/RouteCollection.php(1026): trigger_error('Passing lowercase HTTP method "post" is deprecated. Use uppercase HTTP method like "POST".', 16384)
 2 APPPATH/Config/Routes.php(59): CodeIgniter\Router\RouteCollection->match([...], 'regime/create', '\\App\\Controllers\\Regimes\\RegimeController::create')
 3 SYSTEMPATH/Router/RouteCollection.php(799): CodeIgniter\Router\RouteCollection->{closure}(Object(CodeIgniter\Router\RouteCollection))
 4 APPPATH/Config/Routes.php(56): CodeIgniter\Router\RouteCollection->group('admin', [...], Object(Closure))
 5 SYSTEMPATH/Router/RouteCollection.php(339): require('/home/angeli/Asa/MrRojo/Regime/app/Config/Routes.php')
 6 SYSTEMPATH/CodeIgniter.php(818): CodeIgniter\Router\RouteCollection->loadRoutes()
 7 SYSTEMPATH/CodeIgniter.php(441): CodeIgniter\CodeIgniter->tryToRouteIt(null)
 8 SYSTEMPATH/CodeIgniter.php(340): CodeIgniter\CodeIgniter->handleRequest(null, Object(Config\Cache), false)
 9 SYSTEMPATH/Boot.php(417): CodeIgniter\CodeIgniter->run()
10 SYSTEMPATH/Boot.php(68): CodeIgniter\Boot::runCodeIgniter(Object(CodeIgniter\CodeIgniter))
11 FCPATH/index.php(59): CodeIgniter\Boot::bootWeb(Object(Config\Paths))
WARNING - 2026-05-11 16:38:47 --> [DEPRECATED] Passing lowercase HTTP method "get" is deprecated. Use uppercase HTTP method like "GET". in SYSTEMPATH/Router/RouteCollection.php on line 1026.
 1 SYSTEMPATH/Router/RouteCollection.php(1026): trigger_error('Passing lowercase HTTP method "get" is deprecated. Use uppercase HTTP method like "GET".', 16384)
 2 APPPATH/Config/Routes.php(60): CodeIgniter\Router\RouteCollection->match([...], 'regime/edit/(:num)', '\\App\\Controllers\\Regimes\\RegimeController::edit/$1')
 3 SYSTEMPATH/Router/RouteCollection.php(799): CodeIgniter\Router\RouteCollection->{closure}(Object(CodeIgniter\Router\RouteCollection))
 4 APPPATH/Config/Routes.php(56): CodeIgniter\Router\RouteCollection->group('admin', [...], Object(Closure))
 5 SYSTEMPATH/Router/RouteCollection.php(339): require('/home/angeli/Asa/MrRojo/Regime/app/Config/Routes.php')
 6 SYSTEMPATH/CodeIgniter.php(818): CodeIgniter\Router\RouteCollection->loadRoutes()
 7 SYSTEMPATH/CodeIgniter.php(441): CodeIgniter\CodeIgniter->tryToRouteIt(null)
 8 SYSTEMPATH/CodeIgniter.php(340): CodeIgniter\CodeIgniter->handleRequest(null, Object(Config\Cache), false)
 9 SYSTEMPATH/Boot.php(417): CodeIgniter\CodeIgniter->run()
10 SYSTEMPATH/Boot.php(68): CodeIgniter\Boot::runCodeIgniter(Object(CodeIgniter\CodeIgniter))
11 FCPATH/index.php(59): CodeIgniter\Boot::bootWeb(Object(Config\Paths))
WARNING - 2026-05-11 16:38:47 --> [DEPRECATED] Passing lowercase HTTP method "post" is deprecated. Use uppercase HTTP method like "POST". in SYSTEMPATH/Router/RouteCollection.php on line 1026.
 1 SYSTEMPATH/Router/RouteCollection.php(1026): trigger_error('Passing lowercase HTTP method "post" is deprecated. Use uppercase HTTP method like "POST".', 16384)
 2 APPPATH/Config/Routes.php(60): CodeIgniter\Router\RouteCollection->match([...], 'regime/edit/(:num)', '\\App\\Controllers\\Regimes\\RegimeController::edit/$1')
 3 SYSTEMPATH/Router/RouteCollection.php(799): CodeIgniter\Router\RouteCollection->{closure}(Object(CodeIgniter\Router\RouteCollection))
 4 APPPATH/Config/Routes.php(56): CodeIgniter\Router\RouteCollection->group('admin', [...], Object(Closure))
 5 SYSTEMPATH/Router/RouteCollection.php(339): require('/home/angeli/Asa/MrRojo/Regime/app/Config/Routes.php')
 6 SYSTEMPATH/CodeIgniter.php(818): CodeIgniter\Router\RouteCollection->loadRoutes()
 7 SYSTEMPATH/CodeIgniter.php(441): CodeIgniter\CodeIgniter->tryToRouteIt(null)
 8 SYSTEMPATH/CodeIgniter.php(340): CodeIgniter\CodeIgniter->handleRequest(null, Object(Config\Cache), false)
 9 SYSTEMPATH/Boot.php(417): CodeIgniter\CodeIgniter->run()
10 SYSTEMPATH/Boot.php(68): CodeIgniter\Boot::runCodeIgniter(Object(CodeIgniter\CodeIgniter))
11 FCPATH/index.php(59): CodeIgniter\Boot::bootWeb(Object(Config\Paths))
WARNING - 2026-05-11 16:38:47 --> [DEPRECATED] Passing lowercase HTTP method "get" is deprecated. Use uppercase HTTP method like "GET". in SYSTEMPATH/Router/RouteCollection.php on line 1026.
 1 SYSTEMPATH/Router/RouteCollection.php(1026): trigger_error('Passing lowercase HTTP method "get" is deprecated. Use uppercase HTTP method like "GET".', 16384)
 2 APPPATH/Config/Routes.php(64): CodeIgniter\Router\RouteCollection->match([...], 'sport/create', '\\App\\Controllers\\Activites\\ActiviteController::create')
 3 SYSTEMPATH/Router/RouteCollection.php(799): CodeIgniter\Router\RouteCollection->{closure}(Object(CodeIgniter\Router\RouteCollection))
 4 APPPATH/Config/Routes.php(56): CodeIgniter\Router\RouteCollection->group('admin', [...], Object(Closure))
 5 SYSTEMPATH/Router/RouteCollection.php(339): require('/home/angeli/Asa/MrRojo/Regime/app/Config/Routes.php')
 6 SYSTEMPATH/CodeIgniter.php(818): CodeIgniter\Router\RouteCollection->loadRoutes()
 7 SYSTEMPATH/CodeIgniter.php(441): CodeIgniter\CodeIgniter->tryToRouteIt(null)
 8 SYSTEMPATH/CodeIgniter.php(340): CodeIgniter\CodeIgniter->handleRequest(null, Object(Config\Cache), false)
 9 SYSTEMPATH/Boot.php(417): CodeIgniter\CodeIgniter->run()
10 SYSTEMPATH/Boot.php(68): CodeIgniter\Boot::runCodeIgniter(Object(CodeIgniter\CodeIgniter))
11 FCPATH/index.php(59): CodeIgniter\Boot::bootWeb(Object(Config\Paths))
WARNING - 2026-05-11 16:38:47 --> [DEPRECATED] Passing lowercase HTTP method "post" is deprecated. Use uppercase HTTP method like "POST". in SYSTEMPATH/Router/RouteCollection.php on line 1026.
 1 SYSTEMPATH/Router/RouteCollection.php(1026): trigger_error('Passing lowercase HTTP method "post" is deprecated. Use uppercase HTTP method like "POST".', 16384)
 2 APPPATH/Config/Routes.php(64): CodeIgniter\Router\RouteCollection->match([...], 'sport/create', '\\App\\Controllers\\Activites\\ActiviteController::create')
 3 SYSTEMPATH/Router/RouteCollection.php(799): CodeIgniter\Router\RouteCollection->{closure}(Object(CodeIgniter\Router\RouteCollection))
 4 APPPATH/Config/Routes.php(56): CodeIgniter\Router\RouteCollection->group('admin', [...], Object(Closure))
 5 SYSTEMPATH/Router/RouteCollection.php(339): require('/home/angeli/Asa/MrRojo/Regime/app/Config/Routes.php')
 6 SYSTEMPATH/CodeIgniter.php(818): CodeIgniter\Router\RouteCollection->loadRoutes()
 7 SYSTEMPATH/CodeIgniter.php(441): CodeIgniter\CodeIgniter->tryToRouteIt(null)
 8 SYSTEMPATH/CodeIgniter.php(340): CodeIgniter\CodeIgniter->handleRequest(null, Object(Config\Cache), false)
 9 SYSTEMPATH/Boot.php(417): CodeIgniter\CodeIgniter->run()
10 SYSTEMPATH/Boot.php(68): CodeIgniter\Boot::runCodeIgniter(Object(CodeIgniter\CodeIgniter))
11 FCPATH/index.php(59): CodeIgniter\Boot::bootWeb(Object(Config\Paths))
WARNING - 2026-05-11 16:38:47 --> [DEPRECATED] Passing lowercase HTTP method "get" is deprecated. Use uppercase HTTP method like "GET". in SYSTEMPATH/Router/RouteCollection.php on line 1026.
 1 SYSTEMPATH/Router/RouteCollection.php(1026): trigger_error('Passing lowercase HTTP method "get" is deprecated. Use uppercase HTTP method like "GET".', 16384)
 2 APPPATH/Config/Routes.php(65): CodeIgniter\Router\RouteCollection->match([...], 'sport/edit/(:num)', '\\App\\Controllers\\Activites\\ActiviteController::edit/$1')
 3 SYSTEMPATH/Router/RouteCollection.php(799): CodeIgniter\Router\RouteCollection->{closure}(Object(CodeIgniter\Router\RouteCollection))
 4 APPPATH/Config/Routes.php(56): CodeIgniter\Router\RouteCollection->group('admin', [...], Object(Closure))
 5 SYSTEMPATH/Router/RouteCollection.php(339): require('/home/angeli/Asa/MrRojo/Regime/app/Config/Routes.php')
 6 SYSTEMPATH/CodeIgniter.php(818): CodeIgniter\Router\RouteCollection->loadRoutes()
 7 SYSTEMPATH/CodeIgniter.php(441): CodeIgniter\CodeIgniter->tryToRouteIt(null)
 8 SYSTEMPATH/CodeIgniter.php(340): CodeIgniter\CodeIgniter->handleRequest(null, Object(Config\Cache), false)
 9 SYSTEMPATH/Boot.php(417): CodeIgniter\CodeIgniter->run()
10 SYSTEMPATH/Boot.php(68): CodeIgniter\Boot::runCodeIgniter(Object(CodeIgniter\CodeIgniter))
11 FCPATH/index.php(59): CodeIgniter\Boot::bootWeb(Object(Config\Paths))
WARNING - 2026-05-11 16:38:47 --> [DEPRECATED] Passing lowercase HTTP method "post" is deprecated. Use uppercase HTTP method like "POST". in SYSTEMPATH/Router/RouteCollection.php on line 1026.
 1 SYSTEMPATH/Router/RouteCollection.php(1026): trigger_error('Passing lowercase HTTP method "post" is deprecated. Use uppercase HTTP method like "POST".', 16384)
 2 APPPATH/Config/Routes.php(65): CodeIgniter\Router\RouteCollection->match([...], 'sport/edit/(:num)', '\\App\\Controllers\\Activites\\ActiviteController::edit/$1')
 3 SYSTEMPATH/Router/RouteCollection.php(799): CodeIgniter\Router\RouteCollection->{closure}(Object(CodeIgniter\Router\RouteCollection))
 4 APPPATH/Config/Routes.php(56): CodeIgniter\Router\RouteCollection->group('admin', [...], Object(Closure))
 5 SYSTEMPATH/Router/RouteCollection.php(339): require('/home/angeli/Asa/MrRojo/Regime/app/Config/Routes.php')
 6 SYSTEMPATH/CodeIgniter.php(818): CodeIgniter\Router\RouteCollection->loadRoutes()
 7 SYSTEMPATH/CodeIgniter.php(441): CodeIgniter\CodeIgniter->tryToRouteIt(null)
 8 SYSTEMPATH/CodeIgniter.php(340): CodeIgniter\CodeIgniter->handleRequest(null, Object(Config\Cache), false)
 9 SYSTEMPATH/Boot.php(417): CodeIgniter\CodeIgniter->run()
10 SYSTEMPATH/Boot.php(68): CodeIgniter\Boot::runCodeIgniter(Object(CodeIgniter\CodeIgniter))
11 FCPATH/index.php(59): CodeIgniter\Boot::bootWeb(Object(Config\Paths))
DEBUG - 2026-05-11 16:38:47 --> Session: Class initialized using 'CodeIgniter\Session\Handlers\FileHandler' driver.
WARNING - 2026-05-11 16:38:47 --> [DEPRECATED] Passing lowercase HTTP method "get" is deprecated. Use uppercase HTTP method like "GET". in SYSTEMPATH/Router/RouteCollection.php on line 1026.
 1 SYSTEMPATH/Router/RouteCollection.php(1026): trigger_error('Passing lowercase HTTP method "get" is deprecated. Use uppercase HTTP method like "GET".', 16384)
 2 APPPATH/Config/Routes.php(59): CodeIgniter\Router\RouteCollection->match([...], 'regime/create', '\\App\\Controllers\\Regimes\\RegimeController::create')
 3 SYSTEMPATH/Router/RouteCollection.php(799): CodeIgniter\Router\RouteCollection->{closure}(Object(CodeIgniter\Router\RouteCollection))
 4 APPPATH/Config/Routes.php(56): CodeIgniter\Router\RouteCollection->group('admin', [...], Object(Closure))
 5 SYSTEMPATH/Router/RouteCollection.php(339): require('/home/angeli/Asa/MrRojo/Regime/app/Config/Routes.php')
 6 SYSTEMPATH/CodeIgniter.php(818): CodeIgniter\Router\RouteCollection->loadRoutes()
 7 SYSTEMPATH/CodeIgniter.php(441): CodeIgniter\CodeIgniter->tryToRouteIt(null)
 8 SYSTEMPATH/CodeIgniter.php(340): CodeIgniter\CodeIgniter->handleRequest(null, Object(Config\Cache), false)
 9 SYSTEMPATH/Boot.php(417): CodeIgniter\CodeIgniter->run()
10 SYSTEMPATH/Boot.php(68): CodeIgniter\Boot::runCodeIgniter(Object(CodeIgniter\CodeIgniter))
11 FCPATH/index.php(59): CodeIgniter\Boot::bootWeb(Object(Config\Paths))
WARNING - 2026-05-11 16:38:47 --> [DEPRECATED] Passing lowercase HTTP method "post" is deprecated. Use uppercase HTTP method like "POST". in SYSTEMPATH/Router/RouteCollection.php on line 1026.
 1 SYSTEMPATH/Router/RouteCollection.php(1026): trigger_error('Passing lowercase HTTP method "post" is deprecated. Use uppercase HTTP method like "POST".', 16384)
 2 APPPATH/Config/Routes.php(59): CodeIgniter\Router\RouteCollection->match([...], 'regime/create', '\\App\\Controllers\\Regimes\\RegimeController::create')
 3 SYSTEMPATH/Router/RouteCollection.php(799): CodeIgniter\Router\RouteCollection->{closure}(Object(CodeIgniter\Router\RouteCollection))
 4 APPPATH/Config/Routes.php(56): CodeIgniter\Router\RouteCollection->group('admin', [...], Object(Closure))
 5 SYSTEMPATH/Router/RouteCollection.php(339): require('/home/angeli/Asa/MrRojo/Regime/app/Config/Routes.php')
 6 SYSTEMPATH/CodeIgniter.php(818): CodeIgniter\Router\RouteCollection->loadRoutes()
 7 SYSTEMPATH/CodeIgniter.php(441): CodeIgniter\CodeIgniter->tryToRouteIt(null)
 8 SYSTEMPATH/CodeIgniter.php(340): CodeIgniter\CodeIgniter->handleRequest(null, Object(Config\Cache), false)
 9 SYSTEMPATH/Boot.php(417): CodeIgniter\CodeIgniter->run()
10 SYSTEMPATH/Boot.php(68): CodeIgniter\Boot::runCodeIgniter(Object(CodeIgniter\CodeIgniter))
11 FCPATH/index.php(59): CodeIgniter\Boot::bootWeb(Object(Config\Paths))
WARNING - 2026-05-11 16:38:47 --> [DEPRECATED] Passing lowercase HTTP method "get" is deprecated. Use uppercase HTTP method like "GET". in SYSTEMPATH/Router/RouteCollection.php on line 1026.
 1 SYSTEMPATH/Router/RouteCollection.php(1026): trigger_error('Passing lowercase HTTP method "get" is deprecated. Use uppercase HTTP method like "GET".', 16384)
 2 APPPATH/Config/Routes.php(60): CodeIgniter\Router\RouteCollection->match([...], 'regime/edit/(:num)', '\\App\\Controllers\\Regimes\\RegimeController::edit/$1')
 3 SYSTEMPATH/Router/RouteCollection.php(799): CodeIgniter\Router\RouteCollection->{closure}(Object(CodeIgniter\Router\RouteCollection))
 4 APPPATH/Config/Routes.php(56): CodeIgniter\Router\RouteCollection->group('admin', [...], Object(Closure))
 5 SYSTEMPATH/Router/RouteCollection.php(339): require('/home/angeli/Asa/MrRojo/Regime/app/Config/Routes.php')
 6 SYSTEMPATH/CodeIgniter.php(818): CodeIgniter\Router\RouteCollection->loadRoutes()
 7 SYSTEMPATH/CodeIgniter.php(441): CodeIgniter\CodeIgniter->tryToRouteIt(null)
 8 SYSTEMPATH/CodeIgniter.php(340): CodeIgniter\CodeIgniter->handleRequest(null, Object(Config\Cache), false)
 9 SYSTEMPATH/Boot.php(417): CodeIgniter\CodeIgniter->run()
10 SYSTEMPATH/Boot.php(68): CodeIgniter\Boot::runCodeIgniter(Object(CodeIgniter\CodeIgniter))
11 FCPATH/index.php(59): CodeIgniter\Boot::bootWeb(Object(Config\Paths))
WARNING - 2026-05-11 16:38:47 --> [DEPRECATED] Passing lowercase HTTP method "post" is deprecated. Use uppercase HTTP method like "POST". in SYSTEMPATH/Router/RouteCollection.php on line 1026.
 1 SYSTEMPATH/Router/RouteCollection.php(1026): trigger_error('Passing lowercase HTTP method "post" is deprecated. Use uppercase HTTP method like "POST".', 16384)
 2 APPPATH/Config/Routes.php(60): CodeIgniter\Router\RouteCollection->match([...], 'regime/edit/(:num)', '\\App\\Controllers\\Regimes\\RegimeController::edit/$1')
 3 SYSTEMPATH/Router/RouteCollection.php(799): CodeIgniter\Router\RouteCollection->{closure}(Object(CodeIgniter\Router\RouteCollection))
 4 APPPATH/Config/Routes.php(56): CodeIgniter\Router\RouteCollection->group('admin', [...], Object(Closure))
 5 SYSTEMPATH/Router/RouteCollection.php(339): require('/home/angeli/Asa/MrRojo/Regime/app/Config/Routes.php')
 6 SYSTEMPATH/CodeIgniter.php(818): CodeIgniter\Router\RouteCollection->loadRoutes()
 7 SYSTEMPATH/CodeIgniter.php(441): CodeIgniter\CodeIgniter->tryToRouteIt(null)
 8 SYSTEMPATH/CodeIgniter.php(340): CodeIgniter\CodeIgniter->handleRequest(null, Object(Config\Cache), false)
 9 SYSTEMPATH/Boot.php(417): CodeIgniter\CodeIgniter->run()
10 SYSTEMPATH/Boot.php(68): CodeIgniter\Boot::runCodeIgniter(Object(CodeIgniter\CodeIgniter))
11 FCPATH/index.php(59): CodeIgniter\Boot::bootWeb(Object(Config\Paths))
WARNING - 2026-05-11 16:38:47 --> [DEPRECATED] Passing lowercase HTTP method "get" is deprecated. Use uppercase HTTP method like "GET". in SYSTEMPATH/Router/RouteCollection.php on line 1026.
 1 SYSTEMPATH/Router/RouteCollection.php(1026): trigger_error('Passing lowercase HTTP method "get" is deprecated. Use uppercase HTTP method like "GET".', 16384)
 2 APPPATH/Config/Routes.php(64): CodeIgniter\Router\RouteCollection->match([...], 'sport/create', '\\App\\Controllers\\Activites\\ActiviteController::create')
 3 SYSTEMPATH/Router/RouteCollection.php(799): CodeIgniter\Router\RouteCollection->{closure}(Object(CodeIgniter\Router\RouteCollection))
 4 APPPATH/Config/Routes.php(56): CodeIgniter\Router\RouteCollection->group('admin', [...], Object(Closure))
 5 SYSTEMPATH/Router/RouteCollection.php(339): require('/home/angeli/Asa/MrRojo/Regime/app/Config/Routes.php')
 6 SYSTEMPATH/CodeIgniter.php(818): CodeIgniter\Router\RouteCollection->loadRoutes()
 7 SYSTEMPATH/CodeIgniter.php(441): CodeIgniter\CodeIgniter->tryToRouteIt(null)
 8 SYSTEMPATH/CodeIgniter.php(340): CodeIgniter\CodeIgniter->handleRequest(null, Object(Config\Cache), false)
 9 SYSTEMPATH/Boot.php(417): CodeIgniter\CodeIgniter->run()
10 SYSTEMPATH/Boot.php(68): CodeIgniter\Boot::runCodeIgniter(Object(CodeIgniter\CodeIgniter))
11 FCPATH/index.php(59): CodeIgniter\Boot::bootWeb(Object(Config\Paths))
WARNING - 2026-05-11 16:38:47 --> [DEPRECATED] Passing lowercase HTTP method "post" is deprecated. Use uppercase HTTP method like "POST". in SYSTEMPATH/Router/RouteCollection.php on line 1026.
 1 SYSTEMPATH/Router/RouteCollection.php(1026): trigger_error('Passing lowercase HTTP method "post" is deprecated. Use uppercase HTTP method like "POST".', 16384)
 2 APPPATH/Config/Routes.php(64): CodeIgniter\Router\RouteCollection->match([...], 'sport/create', '\\App\\Controllers\\Activites\\ActiviteController::create')
 3 SYSTEMPATH/Router/RouteCollection.php(799): CodeIgniter\Router\RouteCollection->{closure}(Object(CodeIgniter\Router\RouteCollection))
 4 APPPATH/Config/Routes.php(56): CodeIgniter\Router\RouteCollection->group('admin', [...], Object(Closure))
 5 SYSTEMPATH/Router/RouteCollection.php(339): require('/home/angeli/Asa/MrRojo/Regime/app/Config/Routes.php')
 6 SYSTEMPATH/CodeIgniter.php(818): CodeIgniter\Router\RouteCollection->loadRoutes()
 7 SYSTEMPATH/CodeIgniter.php(441): CodeIgniter\CodeIgniter->tryToRouteIt(null)
 8 SYSTEMPATH/CodeIgniter.php(340): CodeIgniter\CodeIgniter->handleRequest(null, Object(Config\Cache), false)
 9 SYSTEMPATH/Boot.php(417): CodeIgniter\CodeIgniter->run()
10 SYSTEMPATH/Boot.php(68): CodeIgniter\Boot::runCodeIgniter(Object(CodeIgniter\CodeIgniter))
11 FCPATH/index.php(59): CodeIgniter\Boot::bootWeb(Object(Config\Paths))
WARNING - 2026-05-11 16:38:47 --> [DEPRECATED] Passing lowercase HTTP method "get" is deprecated. Use uppercase HTTP method like "GET". in SYSTEMPATH/Router/RouteCollection.php on line 1026.
 1 SYSTEMPATH/Router/RouteCollection.php(1026): trigger_error('Passing lowercase HTTP method "get" is deprecated. Use uppercase HTTP method like "GET".', 16384)
 2 APPPATH/Config/Routes.php(65): CodeIgniter\Router\RouteCollection->match([...], 'sport/edit/(:num)', '\\App\\Controllers\\Activites\\ActiviteController::edit/$1')
 3 SYSTEMPATH/Router/RouteCollection.php(799): CodeIgniter\Router\RouteCollection->{closure}(Object(CodeIgniter\Router\RouteCollection))
 4 APPPATH/Config/Routes.php(56): CodeIgniter\Router\RouteCollection->group('admin', [...], Object(Closure))
 5 SYSTEMPATH/Router/RouteCollection.php(339): require('/home/angeli/Asa/MrRojo/Regime/app/Config/Routes.php')
 6 SYSTEMPATH/CodeIgniter.php(818): CodeIgniter\Router\RouteCollection->loadRoutes()
 7 SYSTEMPATH/CodeIgniter.php(441): CodeIgniter\CodeIgniter->tryToRouteIt(null)
 8 SYSTEMPATH/CodeIgniter.php(340): CodeIgniter\CodeIgniter->handleRequest(null, Object(Config\Cache), false)
 9 SYSTEMPATH/Boot.php(417): CodeIgniter\CodeIgniter->run()
10 SYSTEMPATH/Boot.php(68): CodeIgniter\Boot::runCodeIgniter(Object(CodeIgniter\CodeIgniter))
11 FCPATH/index.php(59): CodeIgniter\Boot::bootWeb(Object(Config\Paths))
WARNING - 2026-05-11 16:38:47 --> [DEPRECATED] Passing lowercase HTTP method "post" is deprecated. Use uppercase HTTP method like "POST". in SYSTEMPATH/Router/RouteCollection.php on line 1026.
 1 SYSTEMPATH/Router/RouteCollection.php(1026): trigger_error('Passing lowercase HTTP method "post" is deprecated. Use uppercase HTTP method like "POST".', 16384)
 2 APPPATH/Config/Routes.php(65): CodeIgniter\Router\RouteCollection->match([...], 'sport/edit/(:num)', '\\App\\Controllers\\Activites\\ActiviteController::edit/$1')
 3 SYSTEMPATH/Router/RouteCollection.php(799): CodeIgniter\Router\RouteCollection->{closure}(Object(CodeIgniter\Router\RouteCollection))
 4 APPPATH/Config/Routes.php(56): CodeIgniter\Router\RouteCollection->group('admin', [...], Object(Closure))
 5 SYSTEMPATH/Router/RouteCollection.php(339): require('/home/angeli/Asa/MrRojo/Regime/app/Config/Routes.php')
 6 SYSTEMPATH/CodeIgniter.php(818): CodeIgniter\Router\RouteCollection->loadRoutes()
 7 SYSTEMPATH/CodeIgniter.php(441): CodeIgniter\CodeIgniter->tryToRouteIt(null)
 8 SYSTEMPATH/CodeIgniter.php(340): CodeIgniter\CodeIgniter->handleRequest(null, Object(Config\Cache), false)
 9 SYSTEMPATH/Boot.php(417): CodeIgniter\CodeIgniter->run()
10 SYSTEMPATH/Boot.php(68): CodeIgniter\Boot::runCodeIgniter(Object(CodeIgniter\CodeIgniter))
11 FCPATH/index.php(59): CodeIgniter\Boot::bootWeb(Object(Config\Paths))
DEBUG - 2026-05-11 16:38:47 --> Session: Class initialized using 'CodeIgniter\Session\Handlers\FileHandler' driver.
WARNING - 2026-05-11 16:41:32 --> [DEPRECATED] Passing lowercase HTTP method "get" is deprecated. Use uppercase HTTP method like "GET". in SYSTEMPATH/Router/RouteCollection.php on line 1026.
 1 SYSTEMPATH/Router/RouteCollection.php(1026): trigger_error('Passing lowercase HTTP method "get" is deprecated. Use uppercase HTTP method like "GET".', 16384)
 2 APPPATH/Config/Routes.php(59): CodeIgniter\Router\RouteCollection->match([...], 'regime/create', '\\App\\Controllers\\Regimes\\RegimeController::create')
 3 SYSTEMPATH/Router/RouteCollection.php(799): CodeIgniter\Router\RouteCollection->{closure}(Object(CodeIgniter\Router\RouteCollection))
 4 APPPATH/Config/Routes.php(56): CodeIgniter\Router\RouteCollection->group('admin', [...], Object(Closure))
 5 SYSTEMPATH/Router/RouteCollection.php(339): require('/home/angeli/Asa/MrRojo/Regime/app/Config/Routes.php')
 6 SYSTEMPATH/CodeIgniter.php(818): CodeIgniter\Router\RouteCollection->loadRoutes()
 7 SYSTEMPATH/CodeIgniter.php(441): CodeIgniter\CodeIgniter->tryToRouteIt(null)
 8 SYSTEMPATH/CodeIgniter.php(340): CodeIgniter\CodeIgniter->handleRequest(null, Object(Config\Cache), false)
 9 SYSTEMPATH/Boot.php(417): CodeIgniter\CodeIgniter->run()
10 SYSTEMPATH/Boot.php(68): CodeIgniter\Boot::runCodeIgniter(Object(CodeIgniter\CodeIgniter))
11 FCPATH/index.php(59): CodeIgniter\Boot::bootWeb(Object(Config\Paths))
WARNING - 2026-05-11 16:41:32 --> [DEPRECATED] Passing lowercase HTTP method "post" is deprecated. Use uppercase HTTP method like "POST". in SYSTEMPATH/Router/RouteCollection.php on line 1026.
 1 SYSTEMPATH/Router/RouteCollection.php(1026): trigger_error('Passing lowercase HTTP method "post" is deprecated. Use uppercase HTTP method like "POST".', 16384)
 2 APPPATH/Config/Routes.php(59): CodeIgniter\Router\RouteCollection->match([...], 'regime/create', '\\App\\Controllers\\Regimes\\RegimeController::create')
 3 SYSTEMPATH/Router/RouteCollection.php(799): CodeIgniter\Router\RouteCollection->{closure}(Object(CodeIgniter\Router\RouteCollection))
 4 APPPATH/Config/Routes.php(56): CodeIgniter\Router\RouteCollection->group('admin', [...], Object(Closure))
 5 SYSTEMPATH/Router/RouteCollection.php(339): require('/home/angeli/Asa/MrRojo/Regime/app/Config/Routes.php')
 6 SYSTEMPATH/CodeIgniter.php(818): CodeIgniter\Router\RouteCollection->loadRoutes()
 7 SYSTEMPATH/CodeIgniter.php(441): CodeIgniter\CodeIgniter->tryToRouteIt(null)
 8 SYSTEMPATH/CodeIgniter.php(340): CodeIgniter\CodeIgniter->handleRequest(null, Object(Config\Cache), false)
 9 SYSTEMPATH/Boot.php(417): CodeIgniter\CodeIgniter->run()
10 SYSTEMPATH/Boot.php(68): CodeIgniter\Boot::runCodeIgniter(Object(CodeIgniter\CodeIgniter))
11 FCPATH/index.php(59): CodeIgniter\Boot::bootWeb(Object(Config\Paths))
WARNING - 2026-05-11 16:41:32 --> [DEPRECATED] Passing lowercase HTTP method "get" is deprecated. Use uppercase HTTP method like "GET". in SYSTEMPATH/Router/RouteCollection.php on line 1026.
 1 SYSTEMPATH/Router/RouteCollection.php(1026): trigger_error('Passing lowercase HTTP method "get" is deprecated. Use uppercase HTTP method like "GET".', 16384)
 2 APPPATH/Config/Routes.php(60): CodeIgniter\Router\RouteCollection->match([...], 'regime/edit/(:num)', '\\App\\Controllers\\Regimes\\RegimeController::edit/$1')
 3 SYSTEMPATH/Router/RouteCollection.php(799): CodeIgniter\Router\RouteCollection->{closure}(Object(CodeIgniter\Router\RouteCollection))
 4 APPPATH/Config/Routes.php(56): CodeIgniter\Router\RouteCollection->group('admin', [...], Object(Closure))
 5 SYSTEMPATH/Router/RouteCollection.php(339): require('/home/angeli/Asa/MrRojo/Regime/app/Config/Routes.php')
 6 SYSTEMPATH/CodeIgniter.php(818): CodeIgniter\Router\RouteCollection->loadRoutes()
 7 SYSTEMPATH/CodeIgniter.php(441): CodeIgniter\CodeIgniter->tryToRouteIt(null)
 8 SYSTEMPATH/CodeIgniter.php(340): CodeIgniter\CodeIgniter->handleRequest(null, Object(Config\Cache), false)
 9 SYSTEMPATH/Boot.php(417): CodeIgniter\CodeIgniter->run()
10 SYSTEMPATH/Boot.php(68): CodeIgniter\Boot::runCodeIgniter(Object(CodeIgniter\CodeIgniter))
11 FCPATH/index.php(59): CodeIgniter\Boot::bootWeb(Object(Config\Paths))
WARNING - 2026-05-11 16:41:32 --> [DEPRECATED] Passing lowercase HTTP method "post" is deprecated. Use uppercase HTTP method like "POST". in SYSTEMPATH/Router/RouteCollection.php on line 1026.
 1 SYSTEMPATH/Router/RouteCollection.php(1026): trigger_error('Passing lowercase HTTP method "post" is deprecated. Use uppercase HTTP method like "POST".', 16384)
 2 APPPATH/Config/Routes.php(60): CodeIgniter\Router\RouteCollection->match([...], 'regime/edit/(:num)', '\\App\\Controllers\\Regimes\\RegimeController::edit/$1')
 3 SYSTEMPATH/Router/RouteCollection.php(799): CodeIgniter\Router\RouteCollection->{closure}(Object(CodeIgniter\Router\RouteCollection))
 4 APPPATH/Config/Routes.php(56): CodeIgniter\Router\RouteCollection->group('admin', [...], Object(Closure))
 5 SYSTEMPATH/Router/RouteCollection.php(339): require('/home/angeli/Asa/MrRojo/Regime/app/Config/Routes.php')
 6 SYSTEMPATH/CodeIgniter.php(818): CodeIgniter\Router\RouteCollection->loadRoutes()
 7 SYSTEMPATH/CodeIgniter.php(441): CodeIgniter\CodeIgniter->tryToRouteIt(null)
 8 SYSTEMPATH/CodeIgniter.php(340): CodeIgniter\CodeIgniter->handleRequest(null, Object(Config\Cache), false)
 9 SYSTEMPATH/Boot.php(417): CodeIgniter\CodeIgniter->run()
10 SYSTEMPATH/Boot.php(68): CodeIgniter\Boot::runCodeIgniter(Object(CodeIgniter\CodeIgniter))
11 FCPATH/index.php(59): CodeIgniter\Boot::bootWeb(Object(Config\Paths))
WARNING - 2026-05-11 16:41:32 --> [DEPRECATED] Passing lowercase HTTP method "get" is deprecated. Use uppercase HTTP method like "GET". in SYSTEMPATH/Router/RouteCollection.php on line 1026.
 1 SYSTEMPATH/Router/RouteCollection.php(1026): trigger_error('Passing lowercase HTTP method "get" is deprecated. Use uppercase HTTP method like "GET".', 16384)
 2 APPPATH/Config/Routes.php(64): CodeIgniter\Router\RouteCollection->match([...], 'sport/create', '\\App\\Controllers\\Activites\\ActiviteController::create')
 3 SYSTEMPATH/Router/RouteCollection.php(799): CodeIgniter\Router\RouteCollection->{closure}(Object(CodeIgniter\Router\RouteCollection))
 4 APPPATH/Config/Routes.php(56): CodeIgniter\Router\RouteCollection->group('admin', [...], Object(Closure))
 5 SYSTEMPATH/Router/RouteCollection.php(339): require('/home/angeli/Asa/MrRojo/Regime/app/Config/Routes.php')
 6 SYSTEMPATH/CodeIgniter.php(818): CodeIgniter\Router\RouteCollection->loadRoutes()
 7 SYSTEMPATH/CodeIgniter.php(441): CodeIgniter\CodeIgniter->tryToRouteIt(null)
 8 SYSTEMPATH/CodeIgniter.php(340): CodeIgniter\CodeIgniter->handleRequest(null, Object(Config\Cache), false)
 9 SYSTEMPATH/Boot.php(417): CodeIgniter\CodeIgniter->run()
10 SYSTEMPATH/Boot.php(68): CodeIgniter\Boot::runCodeIgniter(Object(CodeIgniter\CodeIgniter))
11 FCPATH/index.php(59): CodeIgniter\Boot::bootWeb(Object(Config\Paths))
WARNING - 2026-05-11 16:41:32 --> [DEPRECATED] Passing lowercase HTTP method "post" is deprecated. Use uppercase HTTP method like "POST". in SYSTEMPATH/Router/RouteCollection.php on line 1026.
 1 SYSTEMPATH/Router/RouteCollection.php(1026): trigger_error('Passing lowercase HTTP method "post" is deprecated. Use uppercase HTTP method like "POST".', 16384)
 2 APPPATH/Config/Routes.php(64): CodeIgniter\Router\RouteCollection->match([...], 'sport/create', '\\App\\Controllers\\Activites\\ActiviteController::create')
 3 SYSTEMPATH/Router/RouteCollection.php(799): CodeIgniter\Router\RouteCollection->{closure}(Object(CodeIgniter\Router\RouteCollection))
 4 APPPATH/Config/Routes.php(56): CodeIgniter\Router\RouteCollection->group('admin', [...], Object(Closure))
 5 SYSTEMPATH/Router/RouteCollection.php(339): require('/home/angeli/Asa/MrRojo/Regime/app/Config/Routes.php')
 6 SYSTEMPATH/CodeIgniter.php(818): CodeIgniter\Router\RouteCollection->loadRoutes()
 7 SYSTEMPATH/CodeIgniter.php(441): CodeIgniter\CodeIgniter->tryToRouteIt(null)
 8 SYSTEMPATH/CodeIgniter.php(340): CodeIgniter\CodeIgniter->handleRequest(null, Object(Config\Cache), false)
 9 SYSTEMPATH/Boot.php(417): CodeIgniter\CodeIgniter->run()
10 SYSTEMPATH/Boot.php(68): CodeIgniter\Boot::runCodeIgniter(Object(CodeIgniter\CodeIgniter))
11 FCPATH/index.php(59): CodeIgniter\Boot::bootWeb(Object(Config\Paths))
WARNING - 2026-05-11 16:41:32 --> [DEPRECATED] Passing lowercase HTTP method "get" is deprecated. Use uppercase HTTP method like "GET". in SYSTEMPATH/Router/RouteCollection.php on line 1026.
 1 SYSTEMPATH/Router/RouteCollection.php(1026): trigger_error('Passing lowercase HTTP method "get" is deprecated. Use uppercase HTTP method like "GET".', 16384)
 2 APPPATH/Config/Routes.php(65): CodeIgniter\Router\RouteCollection->match([...], 'sport/edit/(:num)', '\\App\\Controllers\\Activites\\ActiviteController::edit/$1')
 3 SYSTEMPATH/Router/RouteCollection.php(799): CodeIgniter\Router\RouteCollection->{closure}(Object(CodeIgniter\Router\RouteCollection))
 4 APPPATH/Config/Routes.php(56): CodeIgniter\Router\RouteCollection->group('admin', [...], Object(Closure))
 5 SYSTEMPATH/Router/RouteCollection.php(339): require('/home/angeli/Asa/MrRojo/Regime/app/Config/Routes.php')
 6 SYSTEMPATH/CodeIgniter.php(818): CodeIgniter\Router\RouteCollection->loadRoutes()
 7 SYSTEMPATH/CodeIgniter.php(441): CodeIgniter\CodeIgniter->tryToRouteIt(null)
 8 SYSTEMPATH/CodeIgniter.php(340): CodeIgniter\CodeIgniter->handleRequest(null, Object(Config\Cache), false)
 9 SYSTEMPATH/Boot.php(417): CodeIgniter\CodeIgniter->run()
10 SYSTEMPATH/Boot.php(68): CodeIgniter\Boot::runCodeIgniter(Object(CodeIgniter\CodeIgniter))
11 FCPATH/index.php(59): CodeIgniter\Boot::bootWeb(Object(Config\Paths))
WARNING - 2026-05-11 16:41:32 --> [DEPRECATED] Passing lowercase HTTP method "post" is deprecated. Use uppercase HTTP method like "POST". in SYSTEMPATH/Router/RouteCollection.php on line 1026.
 1 SYSTEMPATH/Router/RouteCollection.php(1026): trigger_error('Passing lowercase HTTP method "post" is deprecated. Use uppercase HTTP method like "POST".', 16384)
 2 APPPATH/Config/Routes.php(65): CodeIgniter\Router\RouteCollection->match([...], 'sport/edit/(:num)', '\\App\\Controllers\\Activites\\ActiviteController::edit/$1')
 3 SYSTEMPATH/Router/RouteCollection.php(799): CodeIgniter\Router\RouteCollection->{closure}(Object(CodeIgniter\Router\RouteCollection))
 4 APPPATH/Config/Routes.php(56): CodeIgniter\Router\RouteCollection->group('admin', [...], Object(Closure))
 5 SYSTEMPATH/Router/RouteCollection.php(339): require('/home/angeli/Asa/MrRojo/Regime/app/Config/Routes.php')
 6 SYSTEMPATH/CodeIgniter.php(818): CodeIgniter\Router\RouteCollection->loadRoutes()
 7 SYSTEMPATH/CodeIgniter.php(441): CodeIgniter\CodeIgniter->tryToRouteIt(null)
 8 SYSTEMPATH/CodeIgniter.php(340): CodeIgniter\CodeIgniter->handleRequest(null, Object(Config\Cache), false)
 9 SYSTEMPATH/Boot.php(417): CodeIgniter\CodeIgniter->run()
10 SYSTEMPATH/Boot.php(68): CodeIgniter\Boot::runCodeIgniter(Object(CodeIgniter\CodeIgniter))
11 FCPATH/index.php(59): CodeIgniter\Boot::bootWeb(Object(Config\Paths))
DEBUG - 2026-05-11 16:41:32 --> Session: Class initialized using 'CodeIgniter\Session\Handlers\FileHandler' driver.
WARNING - 2026-05-11 16:41:32 --> [DEPRECATED] Passing lowercase HTTP method "get" is deprecated. Use uppercase HTTP method like "GET". in SYSTEMPATH/Router/RouteCollection.php on line 1026.
 1 SYSTEMPATH/Router/RouteCollection.php(1026): trigger_error('Passing lowercase HTTP method "get" is deprecated. Use uppercase HTTP method like "GET".', 16384)
 2 APPPATH/Config/Routes.php(59): CodeIgniter\Router\RouteCollection->match([...], 'regime/create', '\\App\\Controllers\\Regimes\\RegimeController::create')
 3 SYSTEMPATH/Router/RouteCollection.php(799): CodeIgniter\Router\RouteCollection->{closure}(Object(CodeIgniter\Router\RouteCollection))
 4 APPPATH/Config/Routes.php(56): CodeIgniter\Router\RouteCollection->group('admin', [...], Object(Closure))
 5 SYSTEMPATH/Router/RouteCollection.php(339): require('/home/angeli/Asa/MrRojo/Regime/app/Config/Routes.php')
 6 SYSTEMPATH/CodeIgniter.php(818): CodeIgniter\Router\RouteCollection->loadRoutes()
 7 SYSTEMPATH/CodeIgniter.php(441): CodeIgniter\CodeIgniter->tryToRouteIt(null)
 8 SYSTEMPATH/CodeIgniter.php(340): CodeIgniter\CodeIgniter->handleRequest(null, Object(Config\Cache), false)
 9 SYSTEMPATH/Boot.php(417): CodeIgniter\CodeIgniter->run()
10 SYSTEMPATH/Boot.php(68): CodeIgniter\Boot::runCodeIgniter(Object(CodeIgniter\CodeIgniter))
11 FCPATH/index.php(59): CodeIgniter\Boot::bootWeb(Object(Config\Paths))
WARNING - 2026-05-11 16:41:32 --> [DEPRECATED] Passing lowercase HTTP method "post" is deprecated. Use uppercase HTTP method like "POST". in SYSTEMPATH/Router/RouteCollection.php on line 1026.
 1 SYSTEMPATH/Router/RouteCollection.php(1026): trigger_error('Passing lowercase HTTP method "post" is deprecated. Use uppercase HTTP method like "POST".', 16384)
 2 APPPATH/Config/Routes.php(59): CodeIgniter\Router\RouteCollection->match([...], 'regime/create', '\\App\\Controllers\\Regimes\\RegimeController::create')
 3 SYSTEMPATH/Router/RouteCollection.php(799): CodeIgniter\Router\RouteCollection->{closure}(Object(CodeIgniter\Router\RouteCollection))
 4 APPPATH/Config/Routes.php(56): CodeIgniter\Router\RouteCollection->group('admin', [...], Object(Closure))
 5 SYSTEMPATH/Router/RouteCollection.php(339): require('/home/angeli/Asa/MrRojo/Regime/app/Config/Routes.php')
 6 SYSTEMPATH/CodeIgniter.php(818): CodeIgniter\Router\RouteCollection->loadRoutes()
 7 SYSTEMPATH/CodeIgniter.php(441): CodeIgniter\CodeIgniter->tryToRouteIt(null)
 8 SYSTEMPATH/CodeIgniter.php(340): CodeIgniter\CodeIgniter->handleRequest(null, Object(Config\Cache), false)
 9 SYSTEMPATH/Boot.php(417): CodeIgniter\CodeIgniter->run()
10 SYSTEMPATH/Boot.php(68): CodeIgniter\Boot::runCodeIgniter(Object(CodeIgniter\CodeIgniter))
11 FCPATH/index.php(59): CodeIgniter\Boot::bootWeb(Object(Config\Paths))
WARNING - 2026-05-11 16:41:32 --> [DEPRECATED] Passing lowercase HTTP method "get" is deprecated. Use uppercase HTTP method like "GET". in SYSTEMPATH/Router/RouteCollection.php on line 1026.
 1 SYSTEMPATH/Router/RouteCollection.php(1026): trigger_error('Passing lowercase HTTP method "get" is deprecated. Use uppercase HTTP method like "GET".', 16384)
 2 APPPATH/Config/Routes.php(60): CodeIgniter\Router\RouteCollection->match([...], 'regime/edit/(:num)', '\\App\\Controllers\\Regimes\\RegimeController::edit/$1')
 3 SYSTEMPATH/Router/RouteCollection.php(799): CodeIgniter\Router\RouteCollection->{closure}(Object(CodeIgniter\Router\RouteCollection))
 4 APPPATH/Config/Routes.php(56): CodeIgniter\Router\RouteCollection->group('admin', [...], Object(Closure))
 5 SYSTEMPATH/Router/RouteCollection.php(339): require('/home/angeli/Asa/MrRojo/Regime/app/Config/Routes.php')
 6 SYSTEMPATH/CodeIgniter.php(818): CodeIgniter\Router\RouteCollection->loadRoutes()
 7 SYSTEMPATH/CodeIgniter.php(441): CodeIgniter\CodeIgniter->tryToRouteIt(null)
 8 SYSTEMPATH/CodeIgniter.php(340): CodeIgniter\CodeIgniter->handleRequest(null, Object(Config\Cache), false)
 9 SYSTEMPATH/Boot.php(417): CodeIgniter\CodeIgniter->run()
10 SYSTEMPATH/Boot.php(68): CodeIgniter\Boot::runCodeIgniter(Object(CodeIgniter\CodeIgniter))
11 FCPATH/index.php(59): CodeIgniter\Boot::bootWeb(Object(Config\Paths))
WARNING - 2026-05-11 16:41:32 --> [DEPRECATED] Passing lowercase HTTP method "post" is deprecated. Use uppercase HTTP method like "POST". in SYSTEMPATH/Router/RouteCollection.php on line 1026.
 1 SYSTEMPATH/Router/RouteCollection.php(1026): trigger_error('Passing lowercase HTTP method "post" is deprecated. Use uppercase HTTP method like "POST".', 16384)
 2 APPPATH/Config/Routes.php(60): CodeIgniter\Router\RouteCollection->match([...], 'regime/edit/(:num)', '\\App\\Controllers\\Regimes\\RegimeController::edit/$1')
 3 SYSTEMPATH/Router/RouteCollection.php(799): CodeIgniter\Router\RouteCollection->{closure}(Object(CodeIgniter\Router\RouteCollection))
 4 APPPATH/Config/Routes.php(56): CodeIgniter\Router\RouteCollection->group('admin', [...], Object(Closure))
 5 SYSTEMPATH/Router/RouteCollection.php(339): require('/home/angeli/Asa/MrRojo/Regime/app/Config/Routes.php')
 6 SYSTEMPATH/CodeIgniter.php(818): CodeIgniter\Router\RouteCollection->loadRoutes()
 7 SYSTEMPATH/CodeIgniter.php(441): CodeIgniter\CodeIgniter->tryToRouteIt(null)
 8 SYSTEMPATH/CodeIgniter.php(340): CodeIgniter\CodeIgniter->handleRequest(null, Object(Config\Cache), false)
 9 SYSTEMPATH/Boot.php(417): CodeIgniter\CodeIgniter->run()
10 SYSTEMPATH/Boot.php(68): CodeIgniter\Boot::runCodeIgniter(Object(CodeIgniter\CodeIgniter))
11 FCPATH/index.php(59): CodeIgniter\Boot::bootWeb(Object(Config\Paths))
WARNING - 2026-05-11 16:41:32 --> [DEPRECATED] Passing lowercase HTTP method "get" is deprecated. Use uppercase HTTP method like "GET". in SYSTEMPATH/Router/RouteCollection.php on line 1026.
 1 SYSTEMPATH/Router/RouteCollection.php(1026): trigger_error('Passing lowercase HTTP method "get" is deprecated. Use uppercase HTTP method like "GET".', 16384)
 2 APPPATH/Config/Routes.php(64): CodeIgniter\Router\RouteCollection->match([...], 'sport/create', '\\App\\Controllers\\Activites\\ActiviteController::create')
 3 SYSTEMPATH/Router/RouteCollection.php(799): CodeIgniter\Router\RouteCollection->{closure}(Object(CodeIgniter\Router\RouteCollection))
 4 APPPATH/Config/Routes.php(56): CodeIgniter\Router\RouteCollection->group('admin', [...], Object(Closure))
 5 SYSTEMPATH/Router/RouteCollection.php(339): require('/home/angeli/Asa/MrRojo/Regime/app/Config/Routes.php')
 6 SYSTEMPATH/CodeIgniter.php(818): CodeIgniter\Router\RouteCollection->loadRoutes()
 7 SYSTEMPATH/CodeIgniter.php(441): CodeIgniter\CodeIgniter->tryToRouteIt(null)
 8 SYSTEMPATH/CodeIgniter.php(340): CodeIgniter\CodeIgniter->handleRequest(null, Object(Config\Cache), false)
 9 SYSTEMPATH/Boot.php(417): CodeIgniter\CodeIgniter->run()
10 SYSTEMPATH/Boot.php(68): CodeIgniter\Boot::runCodeIgniter(Object(CodeIgniter\CodeIgniter))
11 FCPATH/index.php(59): CodeIgniter\Boot::bootWeb(Object(Config\Paths))
WARNING - 2026-05-11 16:41:32 --> [DEPRECATED] Passing lowercase HTTP method "post" is deprecated. Use uppercase HTTP method like "POST". in SYSTEMPATH/Router/RouteCollection.php on line 1026.
 1 SYSTEMPATH/Router/RouteCollection.php(1026): trigger_error('Passing lowercase HTTP method "post" is deprecated. Use uppercase HTTP method like "POST".', 16384)
 2 APPPATH/Config/Routes.php(64): CodeIgniter\Router\RouteCollection->match([...], 'sport/create', '\\App\\Controllers\\Activites\\ActiviteController::create')
 3 SYSTEMPATH/Router/RouteCollection.php(799): CodeIgniter\Router\RouteCollection->{closure}(Object(CodeIgniter\Router\RouteCollection))
 4 APPPATH/Config/Routes.php(56): CodeIgniter\Router\RouteCollection->group('admin', [...], Object(Closure))
 5 SYSTEMPATH/Router/RouteCollection.php(339): require('/home/angeli/Asa/MrRojo/Regime/app/Config/Routes.php')
 6 SYSTEMPATH/CodeIgniter.php(818): CodeIgniter\Router\RouteCollection->loadRoutes()
 7 SYSTEMPATH/CodeIgniter.php(441): CodeIgniter\CodeIgniter->tryToRouteIt(null)
 8 SYSTEMPATH/CodeIgniter.php(340): CodeIgniter\CodeIgniter->handleRequest(null, Object(Config\Cache), false)
 9 SYSTEMPATH/Boot.php(417): CodeIgniter\CodeIgniter->run()
10 SYSTEMPATH/Boot.php(68): CodeIgniter\Boot::runCodeIgniter(Object(CodeIgniter\CodeIgniter))
11 FCPATH/index.php(59): CodeIgniter\Boot::bootWeb(Object(Config\Paths))
WARNING - 2026-05-11 16:41:32 --> [DEPRECATED] Passing lowercase HTTP method "get" is deprecated. Use uppercase HTTP method like "GET". in SYSTEMPATH/Router/RouteCollection.php on line 1026.
 1 SYSTEMPATH/Router/RouteCollection.php(1026): trigger_error('Passing lowercase HTTP method "get" is deprecated. Use uppercase HTTP method like "GET".', 16384)
 2 APPPATH/Config/Routes.php(65): CodeIgniter\Router\RouteCollection->match([...], 'sport/edit/(:num)', '\\App\\Controllers\\Activites\\ActiviteController::edit/$1')
 3 SYSTEMPATH/Router/RouteCollection.php(799): CodeIgniter\Router\RouteCollection->{closure}(Object(CodeIgniter\Router\RouteCollection))
 4 APPPATH/Config/Routes.php(56): CodeIgniter\Router\RouteCollection->group('admin', [...], Object(Closure))
 5 SYSTEMPATH/Router/RouteCollection.php(339): require('/home/angeli/Asa/MrRojo/Regime/app/Config/Routes.php')
 6 SYSTEMPATH/CodeIgniter.php(818): CodeIgniter\Router\RouteCollection->loadRoutes()
 7 SYSTEMPATH/CodeIgniter.php(441): CodeIgniter\CodeIgniter->tryToRouteIt(null)
 8 SYSTEMPATH/CodeIgniter.php(340): CodeIgniter\CodeIgniter->handleRequest(null, Object(Config\Cache), false)
 9 SYSTEMPATH/Boot.php(417): CodeIgniter\CodeIgniter->run()
10 SYSTEMPATH/Boot.php(68): CodeIgniter\Boot::runCodeIgniter(Object(CodeIgniter\CodeIgniter))
11 FCPATH/index.php(59): CodeIgniter\Boot::bootWeb(Object(Config\Paths))
WARNING - 2026-05-11 16:41:32 --> [DEPRECATED] Passing lowercase HTTP method "post" is deprecated. Use uppercase HTTP method like "POST". in SYSTEMPATH/Router/RouteCollection.php on line 1026.
 1 SYSTEMPATH/Router/RouteCollection.php(1026): trigger_error('Passing lowercase HTTP method "post" is deprecated. Use uppercase HTTP method like "POST".', 16384)
 2 APPPATH/Config/Routes.php(65): CodeIgniter\Router\RouteCollection->match([...], 'sport/edit/(:num)', '\\App\\Controllers\\Activites\\ActiviteController::edit/$1')
 3 SYSTEMPATH/Router/RouteCollection.php(799): CodeIgniter\Router\RouteCollection->{closure}(Object(CodeIgniter\Router\RouteCollection))
 4 APPPATH/Config/Routes.php(56): CodeIgniter\Router\RouteCollection->group('admin', [...], Object(Closure))
 5 SYSTEMPATH/Router/RouteCollection.php(339): require('/home/angeli/Asa/MrRojo/Regime/app/Config/Routes.php')
 6 SYSTEMPATH/CodeIgniter.php(818): CodeIgniter\Router\RouteCollection->loadRoutes()
 7 SYSTEMPATH/CodeIgniter.php(441): CodeIgniter\CodeIgniter->tryToRouteIt(null)
 8 SYSTEMPATH/CodeIgniter.php(340): CodeIgniter\CodeIgniter->handleRequest(null, Object(Config\Cache), false)
 9 SYSTEMPATH/Boot.php(417): CodeIgniter\CodeIgniter->run()
10 SYSTEMPATH/Boot.php(68): CodeIgniter\Boot::runCodeIgniter(Object(CodeIgniter\CodeIgniter))
11 FCPATH/index.php(59): CodeIgniter\Boot::bootWeb(Object(Config\Paths))
DEBUG - 2026-05-11 16:41:32 --> Session: Class initialized using 'CodeIgniter\Session\Handlers\FileHandler' driver.
WARNING - 2026-05-11 16:41:41 --> [DEPRECATED] Passing lowercase HTTP method "get" is deprecated. Use uppercase HTTP method like "GET". in SYSTEMPATH/Router/RouteCollection.php on line 1026.
 1 SYSTEMPATH/Router/RouteCollection.php(1026): trigger_error('Passing lowercase HTTP method "get" is deprecated. Use uppercase HTTP method like "GET".', 16384)
 2 APPPATH/Config/Routes.php(59): CodeIgniter\Router\RouteCollection->match([...], 'regime/create', '\\App\\Controllers\\Regimes\\RegimeController::create')
 3 SYSTEMPATH/Router/RouteCollection.php(799): CodeIgniter\Router\RouteCollection->{closure}(Object(CodeIgniter\Router\RouteCollection))
 4 APPPATH/Config/Routes.php(56): CodeIgniter\Router\RouteCollection->group('admin', [...], Object(Closure))
 5 SYSTEMPATH/Router/RouteCollection.php(339): require('/home/angeli/Asa/MrRojo/Regime/app/Config/Routes.php')
 6 SYSTEMPATH/CodeIgniter.php(818): CodeIgniter\Router\RouteCollection->loadRoutes()
 7 SYSTEMPATH/CodeIgniter.php(441): CodeIgniter\CodeIgniter->tryToRouteIt(null)
 8 SYSTEMPATH/CodeIgniter.php(340): CodeIgniter\CodeIgniter->handleRequest(null, Object(Config\Cache), false)
 9 SYSTEMPATH/Boot.php(417): CodeIgniter\CodeIgniter->run()
10 SYSTEMPATH/Boot.php(68): CodeIgniter\Boot::runCodeIgniter(Object(CodeIgniter\CodeIgniter))
11 FCPATH/index.php(59): CodeIgniter\Boot::bootWeb(Object(Config\Paths))
WARNING - 2026-05-11 16:41:41 --> [DEPRECATED] Passing lowercase HTTP method "post" is deprecated. Use uppercase HTTP method like "POST". in SYSTEMPATH/Router/RouteCollection.php on line 1026.
 1 SYSTEMPATH/Router/RouteCollection.php(1026): trigger_error('Passing lowercase HTTP method "post" is deprecated. Use uppercase HTTP method like "POST".', 16384)
 2 APPPATH/Config/Routes.php(59): CodeIgniter\Router\RouteCollection->match([...], 'regime/create', '\\App\\Controllers\\Regimes\\RegimeController::create')
 3 SYSTEMPATH/Router/RouteCollection.php(799): CodeIgniter\Router\RouteCollection->{closure}(Object(CodeIgniter\Router\RouteCollection))
 4 APPPATH/Config/Routes.php(56): CodeIgniter\Router\RouteCollection->group('admin', [...], Object(Closure))
 5 SYSTEMPATH/Router/RouteCollection.php(339): require('/home/angeli/Asa/MrRojo/Regime/app/Config/Routes.php')
 6 SYSTEMPATH/CodeIgniter.php(818): CodeIgniter\Router\RouteCollection->loadRoutes()
 7 SYSTEMPATH/CodeIgniter.php(441): CodeIgniter\CodeIgniter->tryToRouteIt(null)
 8 SYSTEMPATH/CodeIgniter.php(340): CodeIgniter\CodeIgniter->handleRequest(null, Object(Config\Cache), false)
 9 SYSTEMPATH/Boot.php(417): CodeIgniter\CodeIgniter->run()
10 SYSTEMPATH/Boot.php(68): CodeIgniter\Boot::runCodeIgniter(Object(CodeIgniter\CodeIgniter))
11 FCPATH/index.php(59): CodeIgniter\Boot::bootWeb(Object(Config\Paths))
WARNING - 2026-05-11 16:41:41 --> [DEPRECATED] Passing lowercase HTTP method "get" is deprecated. Use uppercase HTTP method like "GET". in SYSTEMPATH/Router/RouteCollection.php on line 1026.
 1 SYSTEMPATH/Router/RouteCollection.php(1026): trigger_error('Passing lowercase HTTP method "get" is deprecated. Use uppercase HTTP method like "GET".', 16384)
 2 APPPATH/Config/Routes.php(60): CodeIgniter\Router\RouteCollection->match([...], 'regime/edit/(:num)', '\\App\\Controllers\\Regimes\\RegimeController::edit/$1')
 3 SYSTEMPATH/Router/RouteCollection.php(799): CodeIgniter\Router\RouteCollection->{closure}(Object(CodeIgniter\Router\RouteCollection))
 4 APPPATH/Config/Routes.php(56): CodeIgniter\Router\RouteCollection->group('admin', [...], Object(Closure))
 5 SYSTEMPATH/Router/RouteCollection.php(339): require('/home/angeli/Asa/MrRojo/Regime/app/Config/Routes.php')
 6 SYSTEMPATH/CodeIgniter.php(818): CodeIgniter\Router\RouteCollection->loadRoutes()
 7 SYSTEMPATH/CodeIgniter.php(441): CodeIgniter\CodeIgniter->tryToRouteIt(null)
 8 SYSTEMPATH/CodeIgniter.php(340): CodeIgniter\CodeIgniter->handleRequest(null, Object(Config\Cache), false)
 9 SYSTEMPATH/Boot.php(417): CodeIgniter\CodeIgniter->run()
10 SYSTEMPATH/Boot.php(68): CodeIgniter\Boot::runCodeIgniter(Object(CodeIgniter\CodeIgniter))
11 FCPATH/index.php(59): CodeIgniter\Boot::bootWeb(Object(Config\Paths))
WARNING - 2026-05-11 16:41:41 --> [DEPRECATED] Passing lowercase HTTP method "post" is deprecated. Use uppercase HTTP method like "POST". in SYSTEMPATH/Router/RouteCollection.php on line 1026.
 1 SYSTEMPATH/Router/RouteCollection.php(1026): trigger_error('Passing lowercase HTTP method "post" is deprecated. Use uppercase HTTP method like "POST".', 16384)
 2 APPPATH/Config/Routes.php(60): CodeIgniter\Router\RouteCollection->match([...], 'regime/edit/(:num)', '\\App\\Controllers\\Regimes\\RegimeController::edit/$1')
 3 SYSTEMPATH/Router/RouteCollection.php(799): CodeIgniter\Router\RouteCollection->{closure}(Object(CodeIgniter\Router\RouteCollection))
 4 APPPATH/Config/Routes.php(56): CodeIgniter\Router\RouteCollection->group('admin', [...], Object(Closure))
 5 SYSTEMPATH/Router/RouteCollection.php(339): require('/home/angeli/Asa/MrRojo/Regime/app/Config/Routes.php')
 6 SYSTEMPATH/CodeIgniter.php(818): CodeIgniter\Router\RouteCollection->loadRoutes()
 7 SYSTEMPATH/CodeIgniter.php(441): CodeIgniter\CodeIgniter->tryToRouteIt(null)
 8 SYSTEMPATH/CodeIgniter.php(340): CodeIgniter\CodeIgniter->handleRequest(null, Object(Config\Cache), false)
 9 SYSTEMPATH/Boot.php(417): CodeIgniter\CodeIgniter->run()
10 SYSTEMPATH/Boot.php(68): CodeIgniter\Boot::runCodeIgniter(Object(CodeIgniter\CodeIgniter))
11 FCPATH/index.php(59): CodeIgniter\Boot::bootWeb(Object(Config\Paths))
WARNING - 2026-05-11 16:41:41 --> [DEPRECATED] Passing lowercase HTTP method "get" is deprecated. Use uppercase HTTP method like "GET". in SYSTEMPATH/Router/RouteCollection.php on line 1026.
 1 SYSTEMPATH/Router/RouteCollection.php(1026): trigger_error('Passing lowercase HTTP method "get" is deprecated. Use uppercase HTTP method like "GET".', 16384)
 2 APPPATH/Config/Routes.php(64): CodeIgniter\Router\RouteCollection->match([...], 'sport/create', '\\App\\Controllers\\Activites\\ActiviteController::create')
 3 SYSTEMPATH/Router/RouteCollection.php(799): CodeIgniter\Router\RouteCollection->{closure}(Object(CodeIgniter\Router\RouteCollection))
 4 APPPATH/Config/Routes.php(56): CodeIgniter\Router\RouteCollection->group('admin', [...], Object(Closure))
 5 SYSTEMPATH/Router/RouteCollection.php(339): require('/home/angeli/Asa/MrRojo/Regime/app/Config/Routes.php')
 6 SYSTEMPATH/CodeIgniter.php(818): CodeIgniter\Router\RouteCollection->loadRoutes()
 7 SYSTEMPATH/CodeIgniter.php(441): CodeIgniter\CodeIgniter->tryToRouteIt(null)
 8 SYSTEMPATH/CodeIgniter.php(340): CodeIgniter\CodeIgniter->handleRequest(null, Object(Config\Cache), false)
 9 SYSTEMPATH/Boot.php(417): CodeIgniter\CodeIgniter->run()
10 SYSTEMPATH/Boot.php(68): CodeIgniter\Boot::runCodeIgniter(Object(CodeIgniter\CodeIgniter))
11 FCPATH/index.php(59): CodeIgniter\Boot::bootWeb(Object(Config\Paths))
WARNING - 2026-05-11 16:41:41 --> [DEPRECATED] Passing lowercase HTTP method "post" is deprecated. Use uppercase HTTP method like "POST". in SYSTEMPATH/Router/RouteCollection.php on line 1026.
 1 SYSTEMPATH/Router/RouteCollection.php(1026): trigger_error('Passing lowercase HTTP method "post" is deprecated. Use uppercase HTTP method like "POST".', 16384)
 2 APPPATH/Config/Routes.php(64): CodeIgniter\Router\RouteCollection->match([...], 'sport/create', '\\App\\Controllers\\Activites\\ActiviteController::create')
 3 SYSTEMPATH/Router/RouteCollection.php(799): CodeIgniter\Router\RouteCollection->{closure}(Object(CodeIgniter\Router\RouteCollection))
 4 APPPATH/Config/Routes.php(56): CodeIgniter\Router\RouteCollection->group('admin', [...], Object(Closure))
 5 SYSTEMPATH/Router/RouteCollection.php(339): require('/home/angeli/Asa/MrRojo/Regime/app/Config/Routes.php')
 6 SYSTEMPATH/CodeIgniter.php(818): CodeIgniter\Router\RouteCollection->loadRoutes()
 7 SYSTEMPATH/CodeIgniter.php(441): CodeIgniter\CodeIgniter->tryToRouteIt(null)
 8 SYSTEMPATH/CodeIgniter.php(340): CodeIgniter\CodeIgniter->handleRequest(null, Object(Config\Cache), false)
 9 SYSTEMPATH/Boot.php(417): CodeIgniter\CodeIgniter->run()
10 SYSTEMPATH/Boot.php(68): CodeIgniter\Boot::runCodeIgniter(Object(CodeIgniter\CodeIgniter))
11 FCPATH/index.php(59): CodeIgniter\Boot::bootWeb(Object(Config\Paths))
WARNING - 2026-05-11 16:41:41 --> [DEPRECATED] Passing lowercase HTTP method "get" is deprecated. Use uppercase HTTP method like "GET". in SYSTEMPATH/Router/RouteCollection.php on line 1026.
 1 SYSTEMPATH/Router/RouteCollection.php(1026): trigger_error('Passing lowercase HTTP method "get" is deprecated. Use uppercase HTTP method like "GET".', 16384)
 2 APPPATH/Config/Routes.php(65): CodeIgniter\Router\RouteCollection->match([...], 'sport/edit/(:num)', '\\App\\Controllers\\Activites\\ActiviteController::edit/$1')
 3 SYSTEMPATH/Router/RouteCollection.php(799): CodeIgniter\Router\RouteCollection->{closure}(Object(CodeIgniter\Router\RouteCollection))
 4 APPPATH/Config/Routes.php(56): CodeIgniter\Router\RouteCollection->group('admin', [...], Object(Closure))
 5 SYSTEMPATH/Router/RouteCollection.php(339): require('/home/angeli/Asa/MrRojo/Regime/app/Config/Routes.php')
 6 SYSTEMPATH/CodeIgniter.php(818): CodeIgniter\Router\RouteCollection->loadRoutes()
 7 SYSTEMPATH/CodeIgniter.php(441): CodeIgniter\CodeIgniter->tryToRouteIt(null)
 8 SYSTEMPATH/CodeIgniter.php(340): CodeIgniter\CodeIgniter->handleRequest(null, Object(Config\Cache), false)
 9 SYSTEMPATH/Boot.php(417): CodeIgniter\CodeIgniter->run()
10 SYSTEMPATH/Boot.php(68): CodeIgniter\Boot::runCodeIgniter(Object(CodeIgniter\CodeIgniter))
11 FCPATH/index.php(59): CodeIgniter\Boot::bootWeb(Object(Config\Paths))
WARNING - 2026-05-11 16:41:41 --> [DEPRECATED] Passing lowercase HTTP method "post" is deprecated. Use uppercase HTTP method like "POST". in SYSTEMPATH/Router/RouteCollection.php on line 1026.
 1 SYSTEMPATH/Router/RouteCollection.php(1026): trigger_error('Passing lowercase HTTP method "post" is deprecated. Use uppercase HTTP method like "POST".', 16384)
 2 APPPATH/Config/Routes.php(65): CodeIgniter\Router\RouteCollection->match([...], 'sport/edit/(:num)', '\\App\\Controllers\\Activites\\ActiviteController::edit/$1')
 3 SYSTEMPATH/Router/RouteCollection.php(799): CodeIgniter\Router\RouteCollection->{closure}(Object(CodeIgniter\Router\RouteCollection))
 4 APPPATH/Config/Routes.php(56): CodeIgniter\Router\RouteCollection->group('admin', [...], Object(Closure))
 5 SYSTEMPATH/Router/RouteCollection.php(339): require('/home/angeli/Asa/MrRojo/Regime/app/Config/Routes.php')
 6 SYSTEMPATH/CodeIgniter.php(818): CodeIgniter\Router\RouteCollection->loadRoutes()
 7 SYSTEMPATH/CodeIgniter.php(441): CodeIgniter\CodeIgniter->tryToRouteIt(null)
 8 SYSTEMPATH/CodeIgniter.php(340): CodeIgniter\CodeIgniter->handleRequest(null, Object(Config\Cache), false)
 9 SYSTEMPATH/Boot.php(417): CodeIgniter\CodeIgniter->run()
10 SYSTEMPATH/Boot.php(68): CodeIgniter\Boot::runCodeIgniter(Object(CodeIgniter\CodeIgniter))
11 FCPATH/index.php(59): CodeIgniter\Boot::bootWeb(Object(Config\Paths))
DEBUG - 2026-05-11 16:41:41 --> Session: Class initialized using 'CodeIgniter\Session\Handlers\FileHandler' driver.
WARNING - 2026-05-11 16:41:41 --> [DEPRECATED] Passing lowercase HTTP method "get" is deprecated. Use uppercase HTTP method like "GET". in SYSTEMPATH/Router/RouteCollection.php on line 1026.
 1 SYSTEMPATH/Router/RouteCollection.php(1026): trigger_error('Passing lowercase HTTP method "get" is deprecated. Use uppercase HTTP method like "GET".', 16384)
 2 APPPATH/Config/Routes.php(59): CodeIgniter\Router\RouteCollection->match([...], 'regime/create', '\\App\\Controllers\\Regimes\\RegimeController::create')
 3 SYSTEMPATH/Router/RouteCollection.php(799): CodeIgniter\Router\RouteCollection->{closure}(Object(CodeIgniter\Router\RouteCollection))
 4 APPPATH/Config/Routes.php(56): CodeIgniter\Router\RouteCollection->group('admin', [...], Object(Closure))
 5 SYSTEMPATH/Router/RouteCollection.php(339): require('/home/angeli/Asa/MrRojo/Regime/app/Config/Routes.php')
 6 SYSTEMPATH/CodeIgniter.php(818): CodeIgniter\Router\RouteCollection->loadRoutes()
 7 SYSTEMPATH/CodeIgniter.php(441): CodeIgniter\CodeIgniter->tryToRouteIt(null)
 8 SYSTEMPATH/CodeIgniter.php(340): CodeIgniter\CodeIgniter->handleRequest(null, Object(Config\Cache), false)
 9 SYSTEMPATH/Boot.php(417): CodeIgniter\CodeIgniter->run()
10 SYSTEMPATH/Boot.php(68): CodeIgniter\Boot::runCodeIgniter(Object(CodeIgniter\CodeIgniter))
11 FCPATH/index.php(59): CodeIgniter\Boot::bootWeb(Object(Config\Paths))
WARNING - 2026-05-11 16:41:41 --> [DEPRECATED] Passing lowercase HTTP method "post" is deprecated. Use uppercase HTTP method like "POST". in SYSTEMPATH/Router/RouteCollection.php on line 1026.
 1 SYSTEMPATH/Router/RouteCollection.php(1026): trigger_error('Passing lowercase HTTP method "post" is deprecated. Use uppercase HTTP method like "POST".', 16384)
 2 APPPATH/Config/Routes.php(59): CodeIgniter\Router\RouteCollection->match([...], 'regime/create', '\\App\\Controllers\\Regimes\\RegimeController::create')
 3 SYSTEMPATH/Router/RouteCollection.php(799): CodeIgniter\Router\RouteCollection->{closure}(Object(CodeIgniter\Router\RouteCollection))
 4 APPPATH/Config/Routes.php(56): CodeIgniter\Router\RouteCollection->group('admin', [...], Object(Closure))
 5 SYSTEMPATH/Router/RouteCollection.php(339): require('/home/angeli/Asa/MrRojo/Regime/app/Config/Routes.php')
 6 SYSTEMPATH/CodeIgniter.php(818): CodeIgniter\Router\RouteCollection->loadRoutes()
 7 SYSTEMPATH/CodeIgniter.php(441): CodeIgniter\CodeIgniter->tryToRouteIt(null)
 8 SYSTEMPATH/CodeIgniter.php(340): CodeIgniter\CodeIgniter->handleRequest(null, Object(Config\Cache), false)
 9 SYSTEMPATH/Boot.php(417): CodeIgniter\CodeIgniter->run()
10 SYSTEMPATH/Boot.php(68): CodeIgniter\Boot::runCodeIgniter(Object(CodeIgniter\CodeIgniter))
11 FCPATH/index.php(59): CodeIgniter\Boot::bootWeb(Object(Config\Paths))
WARNING - 2026-05-11 16:41:41 --> [DEPRECATED] Passing lowercase HTTP method "get" is deprecated. Use uppercase HTTP method like "GET". in SYSTEMPATH/Router/RouteCollection.php on line 1026.
 1 SYSTEMPATH/Router/RouteCollection.php(1026): trigger_error('Passing lowercase HTTP method "get" is deprecated. Use uppercase HTTP method like "GET".', 16384)
 2 APPPATH/Config/Routes.php(60): CodeIgniter\Router\RouteCollection->match([...], 'regime/edit/(:num)', '\\App\\Controllers\\Regimes\\RegimeController::edit/$1')
 3 SYSTEMPATH/Router/RouteCollection.php(799): CodeIgniter\Router\RouteCollection->{closure}(Object(CodeIgniter\Router\RouteCollection))
 4 APPPATH/Config/Routes.php(56): CodeIgniter\Router\RouteCollection->group('admin', [...], Object(Closure))
 5 SYSTEMPATH/Router/RouteCollection.php(339): require('/home/angeli/Asa/MrRojo/Regime/app/Config/Routes.php')
 6 SYSTEMPATH/CodeIgniter.php(818): CodeIgniter\Router\RouteCollection->loadRoutes()
 7 SYSTEMPATH/CodeIgniter.php(441): CodeIgniter\CodeIgniter->tryToRouteIt(null)
 8 SYSTEMPATH/CodeIgniter.php(340): CodeIgniter\CodeIgniter->handleRequest(null, Object(Config\Cache), false)
 9 SYSTEMPATH/Boot.php(417): CodeIgniter\CodeIgniter->run()
10 SYSTEMPATH/Boot.php(68): CodeIgniter\Boot::runCodeIgniter(Object(CodeIgniter\CodeIgniter))
11 FCPATH/index.php(59): CodeIgniter\Boot::bootWeb(Object(Config\Paths))
WARNING - 2026-05-11 16:41:41 --> [DEPRECATED] Passing lowercase HTTP method "post" is deprecated. Use uppercase HTTP method like "POST". in SYSTEMPATH/Router/RouteCollection.php on line 1026.
 1 SYSTEMPATH/Router/RouteCollection.php(1026): trigger_error('Passing lowercase HTTP method "post" is deprecated. Use uppercase HTTP method like "POST".', 16384)
 2 APPPATH/Config/Routes.php(60): CodeIgniter\Router\RouteCollection->match([...], 'regime/edit/(:num)', '\\App\\Controllers\\Regimes\\RegimeController::edit/$1')
 3 SYSTEMPATH/Router/RouteCollection.php(799): CodeIgniter\Router\RouteCollection->{closure}(Object(CodeIgniter\Router\RouteCollection))
 4 APPPATH/Config/Routes.php(56): CodeIgniter\Router\RouteCollection->group('admin', [...], Object(Closure))
 5 SYSTEMPATH/Router/RouteCollection.php(339): require('/home/angeli/Asa/MrRojo/Regime/app/Config/Routes.php')
 6 SYSTEMPATH/CodeIgniter.php(818): CodeIgniter\Router\RouteCollection->loadRoutes()
 7 SYSTEMPATH/CodeIgniter.php(441): CodeIgniter\CodeIgniter->tryToRouteIt(null)
 8 SYSTEMPATH/CodeIgniter.php(340): CodeIgniter\CodeIgniter->handleRequest(null, Object(Config\Cache), false)
 9 SYSTEMPATH/Boot.php(417): CodeIgniter\CodeIgniter->run()
10 SYSTEMPATH/Boot.php(68): CodeIgniter\Boot::runCodeIgniter(Object(CodeIgniter\CodeIgniter))
11 FCPATH/index.php(59): CodeIgniter\Boot::bootWeb(Object(Config\Paths))
WARNING - 2026-05-11 16:41:41 --> [DEPRECATED] Passing lowercase HTTP method "get" is deprecated. Use uppercase HTTP method like "GET". in SYSTEMPATH/Router/RouteCollection.php on line 1026.
 1 SYSTEMPATH/Router/RouteCollection.php(1026): trigger_error('Passing lowercase HTTP method "get" is deprecated. Use uppercase HTTP method like "GET".', 16384)
 2 APPPATH/Config/Routes.php(64): CodeIgniter\Router\RouteCollection->match([...], 'sport/create', '\\App\\Controllers\\Activites\\ActiviteController::create')
 3 SYSTEMPATH/Router/RouteCollection.php(799): CodeIgniter\Router\RouteCollection->{closure}(Object(CodeIgniter\Router\RouteCollection))
 4 APPPATH/Config/Routes.php(56): CodeIgniter\Router\RouteCollection->group('admin', [...], Object(Closure))
 5 SYSTEMPATH/Router/RouteCollection.php(339): require('/home/angeli/Asa/MrRojo/Regime/app/Config/Routes.php')
 6 SYSTEMPATH/CodeIgniter.php(818): CodeIgniter\Router\RouteCollection->loadRoutes()
 7 SYSTEMPATH/CodeIgniter.php(441): CodeIgniter\CodeIgniter->tryToRouteIt(null)
 8 SYSTEMPATH/CodeIgniter.php(340): CodeIgniter\CodeIgniter->handleRequest(null, Object(Config\Cache), false)
 9 SYSTEMPATH/Boot.php(417): CodeIgniter\CodeIgniter->run()
10 SYSTEMPATH/Boot.php(68): CodeIgniter\Boot::runCodeIgniter(Object(CodeIgniter\CodeIgniter))
11 FCPATH/index.php(59): CodeIgniter\Boot::bootWeb(Object(Config\Paths))
WARNING - 2026-05-11 16:41:41 --> [DEPRECATED] Passing lowercase HTTP method "post" is deprecated. Use uppercase HTTP method like "POST". in SYSTEMPATH/Router/RouteCollection.php on line 1026.
 1 SYSTEMPATH/Router/RouteCollection.php(1026): trigger_error('Passing lowercase HTTP method "post" is deprecated. Use uppercase HTTP method like "POST".', 16384)
 2 APPPATH/Config/Routes.php(64): CodeIgniter\Router\RouteCollection->match([...], 'sport/create', '\\App\\Controllers\\Activites\\ActiviteController::create')
 3 SYSTEMPATH/Router/RouteCollection.php(799): CodeIgniter\Router\RouteCollection->{closure}(Object(CodeIgniter\Router\RouteCollection))
 4 APPPATH/Config/Routes.php(56): CodeIgniter\Router\RouteCollection->group('admin', [...], Object(Closure))
 5 SYSTEMPATH/Router/RouteCollection.php(339): require('/home/angeli/Asa/MrRojo/Regime/app/Config/Routes.php')
 6 SYSTEMPATH/CodeIgniter.php(818): CodeIgniter\Router\RouteCollection->loadRoutes()
 7 SYSTEMPATH/CodeIgniter.php(441): CodeIgniter\CodeIgniter->tryToRouteIt(null)
 8 SYSTEMPATH/CodeIgniter.php(340): CodeIgniter\CodeIgniter->handleRequest(null, Object(Config\Cache), false)
 9 SYSTEMPATH/Boot.php(417): CodeIgniter\CodeIgniter->run()
10 SYSTEMPATH/Boot.php(68): CodeIgniter\Boot::runCodeIgniter(Object(CodeIgniter\CodeIgniter))
11 FCPATH/index.php(59): CodeIgniter\Boot::bootWeb(Object(Config\Paths))
WARNING - 2026-05-11 16:41:41 --> [DEPRECATED] Passing lowercase HTTP method "get" is deprecated. Use uppercase HTTP method like "GET". in SYSTEMPATH/Router/RouteCollection.php on line 1026.
 1 SYSTEMPATH/Router/RouteCollection.php(1026): trigger_error('Passing lowercase HTTP method "get" is deprecated. Use uppercase HTTP method like "GET".', 16384)
 2 APPPATH/Config/Routes.php(65): CodeIgniter\Router\RouteCollection->match([...], 'sport/edit/(:num)', '\\App\\Controllers\\Activites\\ActiviteController::edit/$1')
 3 SYSTEMPATH/Router/RouteCollection.php(799): CodeIgniter\Router\RouteCollection->{closure}(Object(CodeIgniter\Router\RouteCollection))
 4 APPPATH/Config/Routes.php(56): CodeIgniter\Router\RouteCollection->group('admin', [...], Object(Closure))
 5 SYSTEMPATH/Router/RouteCollection.php(339): require('/home/angeli/Asa/MrRojo/Regime/app/Config/Routes.php')
 6 SYSTEMPATH/CodeIgniter.php(818): CodeIgniter\Router\RouteCollection->loadRoutes()
 7 SYSTEMPATH/CodeIgniter.php(441): CodeIgniter\CodeIgniter->tryToRouteIt(null)
 8 SYSTEMPATH/CodeIgniter.php(340): CodeIgniter\CodeIgniter->handleRequest(null, Object(Config\Cache), false)
 9 SYSTEMPATH/Boot.php(417): CodeIgniter\CodeIgniter->run()
10 SYSTEMPATH/Boot.php(68): CodeIgniter\Boot::runCodeIgniter(Object(CodeIgniter\CodeIgniter))
11 FCPATH/index.php(59): CodeIgniter\Boot::bootWeb(Object(Config\Paths))
WARNING - 2026-05-11 16:41:41 --> [DEPRECATED] Passing lowercase HTTP method "post" is deprecated. Use uppercase HTTP method like "POST". in SYSTEMPATH/Router/RouteCollection.php on line 1026.
 1 SYSTEMPATH/Router/RouteCollection.php(1026): trigger_error('Passing lowercase HTTP method "post" is deprecated. Use uppercase HTTP method like "POST".', 16384)
 2 APPPATH/Config/Routes.php(65): CodeIgniter\Router\RouteCollection->match([...], 'sport/edit/(:num)', '\\App\\Controllers\\Activites\\ActiviteController::edit/$1')
 3 SYSTEMPATH/Router/RouteCollection.php(799): CodeIgniter\Router\RouteCollection->{closure}(Object(CodeIgniter\Router\RouteCollection))
 4 APPPATH/Config/Routes.php(56): CodeIgniter\Router\RouteCollection->group('admin', [...], Object(Closure))
 5 SYSTEMPATH/Router/RouteCollection.php(339): require('/home/angeli/Asa/MrRojo/Regime/app/Config/Routes.php')
 6 SYSTEMPATH/CodeIgniter.php(818): CodeIgniter\Router\RouteCollection->loadRoutes()
 7 SYSTEMPATH/CodeIgniter.php(441): CodeIgniter\CodeIgniter->tryToRouteIt(null)
 8 SYSTEMPATH/CodeIgniter.php(340): CodeIgniter\CodeIgniter->handleRequest(null, Object(Config\Cache), false)
 9 SYSTEMPATH/Boot.php(417): CodeIgniter\CodeIgniter->run()
10 SYSTEMPATH/Boot.php(68): CodeIgniter\Boot::runCodeIgniter(Object(CodeIgniter\CodeIgniter))
11 FCPATH/index.php(59): CodeIgniter\Boot::bootWeb(Object(Config\Paths))
DEBUG - 2026-05-11 16:41:41 --> Session: Class initialized using 'CodeIgniter\Session\Handlers\FileHandler' driver.
WARNING - 2026-05-11 16:41:54 --> [DEPRECATED] Passing lowercase HTTP method "get" is deprecated. Use uppercase HTTP method like "GET". in SYSTEMPATH/Router/RouteCollection.php on line 1026.
 1 SYSTEMPATH/Router/RouteCollection.php(1026): trigger_error('Passing lowercase HTTP method "get" is deprecated. Use uppercase HTTP method like "GET".', 16384)
 2 APPPATH/Config/Routes.php(59): CodeIgniter\Router\RouteCollection->match([...], 'regime/create', '\\App\\Controllers\\Regimes\\RegimeController::create')
 3 SYSTEMPATH/Router/RouteCollection.php(799): CodeIgniter\Router\RouteCollection->{closure}(Object(CodeIgniter\Router\RouteCollection))
 4 APPPATH/Config/Routes.php(56): CodeIgniter\Router\RouteCollection->group('admin', [...], Object(Closure))
 5 SYSTEMPATH/Router/RouteCollection.php(339): require('/home/angeli/Asa/MrRojo/Regime/app/Config/Routes.php')
 6 SYSTEMPATH/CodeIgniter.php(818): CodeIgniter\Router\RouteCollection->loadRoutes()
 7 SYSTEMPATH/CodeIgniter.php(441): CodeIgniter\CodeIgniter->tryToRouteIt(null)
 8 SYSTEMPATH/CodeIgniter.php(340): CodeIgniter\CodeIgniter->handleRequest(null, Object(Config\Cache), false)
 9 SYSTEMPATH/Boot.php(417): CodeIgniter\CodeIgniter->run()
10 SYSTEMPATH/Boot.php(68): CodeIgniter\Boot::runCodeIgniter(Object(CodeIgniter\CodeIgniter))
11 FCPATH/index.php(59): CodeIgniter\Boot::bootWeb(Object(Config\Paths))
WARNING - 2026-05-11 16:41:54 --> [DEPRECATED] Passing lowercase HTTP method "post" is deprecated. Use uppercase HTTP method like "POST". in SYSTEMPATH/Router/RouteCollection.php on line 1026.
 1 SYSTEMPATH/Router/RouteCollection.php(1026): trigger_error('Passing lowercase HTTP method "post" is deprecated. Use uppercase HTTP method like "POST".', 16384)
 2 APPPATH/Config/Routes.php(59): CodeIgniter\Router\RouteCollection->match([...], 'regime/create', '\\App\\Controllers\\Regimes\\RegimeController::create')
 3 SYSTEMPATH/Router/RouteCollection.php(799): CodeIgniter\Router\RouteCollection->{closure}(Object(CodeIgniter\Router\RouteCollection))
 4 APPPATH/Config/Routes.php(56): CodeIgniter\Router\RouteCollection->group('admin', [...], Object(Closure))
 5 SYSTEMPATH/Router/RouteCollection.php(339): require('/home/angeli/Asa/MrRojo/Regime/app/Config/Routes.php')
 6 SYSTEMPATH/CodeIgniter.php(818): CodeIgniter\Router\RouteCollection->loadRoutes()
 7 SYSTEMPATH/CodeIgniter.php(441): CodeIgniter\CodeIgniter->tryToRouteIt(null)
 8 SYSTEMPATH/CodeIgniter.php(340): CodeIgniter\CodeIgniter->handleRequest(null, Object(Config\Cache), false)
 9 SYSTEMPATH/Boot.php(417): CodeIgniter\CodeIgniter->run()
10 SYSTEMPATH/Boot.php(68): CodeIgniter\Boot::runCodeIgniter(Object(CodeIgniter\CodeIgniter))
11 FCPATH/index.php(59): CodeIgniter\Boot::bootWeb(Object(Config\Paths))
WARNING - 2026-05-11 16:41:54 --> [DEPRECATED] Passing lowercase HTTP method "get" is deprecated. Use uppercase HTTP method like "GET". in SYSTEMPATH/Router/RouteCollection.php on line 1026.
 1 SYSTEMPATH/Router/RouteCollection.php(1026): trigger_error('Passing lowercase HTTP method "get" is deprecated. Use uppercase HTTP method like "GET".', 16384)
 2 APPPATH/Config/Routes.php(60): CodeIgniter\Router\RouteCollection->match([...], 'regime/edit/(:num)', '\\App\\Controllers\\Regimes\\RegimeController::edit/$1')
 3 SYSTEMPATH/Router/RouteCollection.php(799): CodeIgniter\Router\RouteCollection->{closure}(Object(CodeIgniter\Router\RouteCollection))
 4 APPPATH/Config/Routes.php(56): CodeIgniter\Router\RouteCollection->group('admin', [...], Object(Closure))
 5 SYSTEMPATH/Router/RouteCollection.php(339): require('/home/angeli/Asa/MrRojo/Regime/app/Config/Routes.php')
 6 SYSTEMPATH/CodeIgniter.php(818): CodeIgniter\Router\RouteCollection->loadRoutes()
 7 SYSTEMPATH/CodeIgniter.php(441): CodeIgniter\CodeIgniter->tryToRouteIt(null)
 8 SYSTEMPATH/CodeIgniter.php(340): CodeIgniter\CodeIgniter->handleRequest(null, Object(Config\Cache), false)
 9 SYSTEMPATH/Boot.php(417): CodeIgniter\CodeIgniter->run()
10 SYSTEMPATH/Boot.php(68): CodeIgniter\Boot::runCodeIgniter(Object(CodeIgniter\CodeIgniter))
11 FCPATH/index.php(59): CodeIgniter\Boot::bootWeb(Object(Config\Paths))
WARNING - 2026-05-11 16:41:54 --> [DEPRECATED] Passing lowercase HTTP method "post" is deprecated. Use uppercase HTTP method like "POST". in SYSTEMPATH/Router/RouteCollection.php on line 1026.
 1 SYSTEMPATH/Router/RouteCollection.php(1026): trigger_error('Passing lowercase HTTP method "post" is deprecated. Use uppercase HTTP method like "POST".', 16384)
 2 APPPATH/Config/Routes.php(60): CodeIgniter\Router\RouteCollection->match([...], 'regime/edit/(:num)', '\\App\\Controllers\\Regimes\\RegimeController::edit/$1')
 3 SYSTEMPATH/Router/RouteCollection.php(799): CodeIgniter\Router\RouteCollection->{closure}(Object(CodeIgniter\Router\RouteCollection))
 4 APPPATH/Config/Routes.php(56): CodeIgniter\Router\RouteCollection->group('admin', [...], Object(Closure))
 5 SYSTEMPATH/Router/RouteCollection.php(339): require('/home/angeli/Asa/MrRojo/Regime/app/Config/Routes.php')
 6 SYSTEMPATH/CodeIgniter.php(818): CodeIgniter\Router\RouteCollection->loadRoutes()
 7 SYSTEMPATH/CodeIgniter.php(441): CodeIgniter\CodeIgniter->tryToRouteIt(null)
 8 SYSTEMPATH/CodeIgniter.php(340): CodeIgniter\CodeIgniter->handleRequest(null, Object(Config\Cache), false)
 9 SYSTEMPATH/Boot.php(417): CodeIgniter\CodeIgniter->run()
10 SYSTEMPATH/Boot.php(68): CodeIgniter\Boot::runCodeIgniter(Object(CodeIgniter\CodeIgniter))
11 FCPATH/index.php(59): CodeIgniter\Boot::bootWeb(Object(Config\Paths))
WARNING - 2026-05-11 16:41:54 --> [DEPRECATED] Passing lowercase HTTP method "get" is deprecated. Use uppercase HTTP method like "GET". in SYSTEMPATH/Router/RouteCollection.php on line 1026.
 1 SYSTEMPATH/Router/RouteCollection.php(1026): trigger_error('Passing lowercase HTTP method "get" is deprecated. Use uppercase HTTP method like "GET".', 16384)
 2 APPPATH/Config/Routes.php(64): CodeIgniter\Router\RouteCollection->match([...], 'sport/create', '\\App\\Controllers\\Activites\\ActiviteController::create')
 3 SYSTEMPATH/Router/RouteCollection.php(799): CodeIgniter\Router\RouteCollection->{closure}(Object(CodeIgniter\Router\RouteCollection))
 4 APPPATH/Config/Routes.php(56): CodeIgniter\Router\RouteCollection->group('admin', [...], Object(Closure))
 5 SYSTEMPATH/Router/RouteCollection.php(339): require('/home/angeli/Asa/MrRojo/Regime/app/Config/Routes.php')
 6 SYSTEMPATH/CodeIgniter.php(818): CodeIgniter\Router\RouteCollection->loadRoutes()
 7 SYSTEMPATH/CodeIgniter.php(441): CodeIgniter\CodeIgniter->tryToRouteIt(null)
 8 SYSTEMPATH/CodeIgniter.php(340): CodeIgniter\CodeIgniter->handleRequest(null, Object(Config\Cache), false)
 9 SYSTEMPATH/Boot.php(417): CodeIgniter\CodeIgniter->run()
10 SYSTEMPATH/Boot.php(68): CodeIgniter\Boot::runCodeIgniter(Object(CodeIgniter\CodeIgniter))
11 FCPATH/index.php(59): CodeIgniter\Boot::bootWeb(Object(Config\Paths))
WARNING - 2026-05-11 16:41:54 --> [DEPRECATED] Passing lowercase HTTP method "post" is deprecated. Use uppercase HTTP method like "POST". in SYSTEMPATH/Router/RouteCollection.php on line 1026.
 1 SYSTEMPATH/Router/RouteCollection.php(1026): trigger_error('Passing lowercase HTTP method "post" is deprecated. Use uppercase HTTP method like "POST".', 16384)
 2 APPPATH/Config/Routes.php(64): CodeIgniter\Router\RouteCollection->match([...], 'sport/create', '\\App\\Controllers\\Activites\\ActiviteController::create')
 3 SYSTEMPATH/Router/RouteCollection.php(799): CodeIgniter\Router\RouteCollection->{closure}(Object(CodeIgniter\Router\RouteCollection))
 4 APPPATH/Config/Routes.php(56): CodeIgniter\Router\RouteCollection->group('admin', [...], Object(Closure))
 5 SYSTEMPATH/Router/RouteCollection.php(339): require('/home/angeli/Asa/MrRojo/Regime/app/Config/Routes.php')
 6 SYSTEMPATH/CodeIgniter.php(818): CodeIgniter\Router\RouteCollection->loadRoutes()
 7 SYSTEMPATH/CodeIgniter.php(441): CodeIgniter\CodeIgniter->tryToRouteIt(null)
 8 SYSTEMPATH/CodeIgniter.php(340): CodeIgniter\CodeIgniter->handleRequest(null, Object(Config\Cache), false)
 9 SYSTEMPATH/Boot.php(417): CodeIgniter\CodeIgniter->run()
10 SYSTEMPATH/Boot.php(68): CodeIgniter\Boot::runCodeIgniter(Object(CodeIgniter\CodeIgniter))
11 FCPATH/index.php(59): CodeIgniter\Boot::bootWeb(Object(Config\Paths))
WARNING - 2026-05-11 16:41:54 --> [DEPRECATED] Passing lowercase HTTP method "get" is deprecated. Use uppercase HTTP method like "GET". in SYSTEMPATH/Router/RouteCollection.php on line 1026.
 1 SYSTEMPATH/Router/RouteCollection.php(1026): trigger_error('Passing lowercase HTTP method "get" is deprecated. Use uppercase HTTP method like "GET".', 16384)
 2 APPPATH/Config/Routes.php(65): CodeIgniter\Router\RouteCollection->match([...], 'sport/edit/(:num)', '\\App\\Controllers\\Activites\\ActiviteController::edit/$1')
 3 SYSTEMPATH/Router/RouteCollection.php(799): CodeIgniter\Router\RouteCollection->{closure}(Object(CodeIgniter\Router\RouteCollection))
 4 APPPATH/Config/Routes.php(56): CodeIgniter\Router\RouteCollection->group('admin', [...], Object(Closure))
 5 SYSTEMPATH/Router/RouteCollection.php(339): require('/home/angeli/Asa/MrRojo/Regime/app/Config/Routes.php')
 6 SYSTEMPATH/CodeIgniter.php(818): CodeIgniter\Router\RouteCollection->loadRoutes()
 7 SYSTEMPATH/CodeIgniter.php(441): CodeIgniter\CodeIgniter->tryToRouteIt(null)
 8 SYSTEMPATH/CodeIgniter.php(340): CodeIgniter\CodeIgniter->handleRequest(null, Object(Config\Cache), false)
 9 SYSTEMPATH/Boot.php(417): CodeIgniter\CodeIgniter->run()
10 SYSTEMPATH/Boot.php(68): CodeIgniter\Boot::runCodeIgniter(Object(CodeIgniter\CodeIgniter))
11 FCPATH/index.php(59): CodeIgniter\Boot::bootWeb(Object(Config\Paths))
WARNING - 2026-05-11 16:41:54 --> [DEPRECATED] Passing lowercase HTTP method "post" is deprecated. Use uppercase HTTP method like "POST". in SYSTEMPATH/Router/RouteCollection.php on line 1026.
 1 SYSTEMPATH/Router/RouteCollection.php(1026): trigger_error('Passing lowercase HTTP method "post" is deprecated. Use uppercase HTTP method like "POST".', 16384)
 2 APPPATH/Config/Routes.php(65): CodeIgniter\Router\RouteCollection->match([...], 'sport/edit/(:num)', '\\App\\Controllers\\Activites\\ActiviteController::edit/$1')
 3 SYSTEMPATH/Router/RouteCollection.php(799): CodeIgniter\Router\RouteCollection->{closure}(Object(CodeIgniter\Router\RouteCollection))
 4 APPPATH/Config/Routes.php(56): CodeIgniter\Router\RouteCollection->group('admin', [...], Object(Closure))
 5 SYSTEMPATH/Router/RouteCollection.php(339): require('/home/angeli/Asa/MrRojo/Regime/app/Config/Routes.php')
 6 SYSTEMPATH/CodeIgniter.php(818): CodeIgniter\Router\RouteCollection->loadRoutes()
 7 SYSTEMPATH/CodeIgniter.php(441): CodeIgniter\CodeIgniter->tryToRouteIt(null)
 8 SYSTEMPATH/CodeIgniter.php(340): CodeIgniter\CodeIgniter->handleRequest(null, Object(Config\Cache), false)
 9 SYSTEMPATH/Boot.php(417): CodeIgniter\CodeIgniter->run()
10 SYSTEMPATH/Boot.php(68): CodeIgniter\Boot::runCodeIgniter(Object(CodeIgniter\CodeIgniter))
11 FCPATH/index.php(59): CodeIgniter\Boot::bootWeb(Object(Config\Paths))
DEBUG - 2026-05-11 16:41:54 --> Session: Class initialized using 'CodeIgniter\Session\Handlers\FileHandler' driver.
WARNING - 2026-05-11 16:41:54 --> [DEPRECATED] Passing lowercase HTTP method "get" is deprecated. Use uppercase HTTP method like "GET". in SYSTEMPATH/Router/RouteCollection.php on line 1026.
 1 SYSTEMPATH/Router/RouteCollection.php(1026): trigger_error('Passing lowercase HTTP method "get" is deprecated. Use uppercase HTTP method like "GET".', 16384)
 2 APPPATH/Config/Routes.php(59): CodeIgniter\Router\RouteCollection->match([...], 'regime/create', '\\App\\Controllers\\Regimes\\RegimeController::create')
 3 SYSTEMPATH/Router/RouteCollection.php(799): CodeIgniter\Router\RouteCollection->{closure}(Object(CodeIgniter\Router\RouteCollection))
 4 APPPATH/Config/Routes.php(56): CodeIgniter\Router\RouteCollection->group('admin', [...], Object(Closure))
 5 SYSTEMPATH/Router/RouteCollection.php(339): require('/home/angeli/Asa/MrRojo/Regime/app/Config/Routes.php')
 6 SYSTEMPATH/CodeIgniter.php(818): CodeIgniter\Router\RouteCollection->loadRoutes()
 7 SYSTEMPATH/CodeIgniter.php(441): CodeIgniter\CodeIgniter->tryToRouteIt(null)
 8 SYSTEMPATH/CodeIgniter.php(340): CodeIgniter\CodeIgniter->handleRequest(null, Object(Config\Cache), false)
 9 SYSTEMPATH/Boot.php(417): CodeIgniter\CodeIgniter->run()
10 SYSTEMPATH/Boot.php(68): CodeIgniter\Boot::runCodeIgniter(Object(CodeIgniter\CodeIgniter))
11 FCPATH/index.php(59): CodeIgniter\Boot::bootWeb(Object(Config\Paths))
WARNING - 2026-05-11 16:41:54 --> [DEPRECATED] Passing lowercase HTTP method "post" is deprecated. Use uppercase HTTP method like "POST". in SYSTEMPATH/Router/RouteCollection.php on line 1026.
 1 SYSTEMPATH/Router/RouteCollection.php(1026): trigger_error('Passing lowercase HTTP method "post" is deprecated. Use uppercase HTTP method like "POST".', 16384)
 2 APPPATH/Config/Routes.php(59): CodeIgniter\Router\RouteCollection->match([...], 'regime/create', '\\App\\Controllers\\Regimes\\RegimeController::create')
 3 SYSTEMPATH/Router/RouteCollection.php(799): CodeIgniter\Router\RouteCollection->{closure}(Object(CodeIgniter\Router\RouteCollection))
 4 APPPATH/Config/Routes.php(56): CodeIgniter\Router\RouteCollection->group('admin', [...], Object(Closure))
 5 SYSTEMPATH/Router/RouteCollection.php(339): require('/home/angeli/Asa/MrRojo/Regime/app/Config/Routes.php')
 6 SYSTEMPATH/CodeIgniter.php(818): CodeIgniter\Router\RouteCollection->loadRoutes()
 7 SYSTEMPATH/CodeIgniter.php(441): CodeIgniter\CodeIgniter->tryToRouteIt(null)
 8 SYSTEMPATH/CodeIgniter.php(340): CodeIgniter\CodeIgniter->handleRequest(null, Object(Config\Cache), false)
 9 SYSTEMPATH/Boot.php(417): CodeIgniter\CodeIgniter->run()
10 SYSTEMPATH/Boot.php(68): CodeIgniter\Boot::runCodeIgniter(Object(CodeIgniter\CodeIgniter))
11 FCPATH/index.php(59): CodeIgniter\Boot::bootWeb(Object(Config\Paths))
WARNING - 2026-05-11 16:41:54 --> [DEPRECATED] Passing lowercase HTTP method "get" is deprecated. Use uppercase HTTP method like "GET". in SYSTEMPATH/Router/RouteCollection.php on line 1026.
 1 SYSTEMPATH/Router/RouteCollection.php(1026): trigger_error('Passing lowercase HTTP method "get" is deprecated. Use uppercase HTTP method like "GET".', 16384)
 2 APPPATH/Config/Routes.php(60): CodeIgniter\Router\RouteCollection->match([...], 'regime/edit/(:num)', '\\App\\Controllers\\Regimes\\RegimeController::edit/$1')
 3 SYSTEMPATH/Router/RouteCollection.php(799): CodeIgniter\Router\RouteCollection->{closure}(Object(CodeIgniter\Router\RouteCollection))
 4 APPPATH/Config/Routes.php(56): CodeIgniter\Router\RouteCollection->group('admin', [...], Object(Closure))
 5 SYSTEMPATH/Router/RouteCollection.php(339): require('/home/angeli/Asa/MrRojo/Regime/app/Config/Routes.php')
 6 SYSTEMPATH/CodeIgniter.php(818): CodeIgniter\Router\RouteCollection->loadRoutes()
 7 SYSTEMPATH/CodeIgniter.php(441): CodeIgniter\CodeIgniter->tryToRouteIt(null)
 8 SYSTEMPATH/CodeIgniter.php(340): CodeIgniter\CodeIgniter->handleRequest(null, Object(Config\Cache), false)
 9 SYSTEMPATH/Boot.php(417): CodeIgniter\CodeIgniter->run()
10 SYSTEMPATH/Boot.php(68): CodeIgniter\Boot::runCodeIgniter(Object(CodeIgniter\CodeIgniter))
11 FCPATH/index.php(59): CodeIgniter\Boot::bootWeb(Object(Config\Paths))
WARNING - 2026-05-11 16:41:54 --> [DEPRECATED] Passing lowercase HTTP method "post" is deprecated. Use uppercase HTTP method like "POST". in SYSTEMPATH/Router/RouteCollection.php on line 1026.
 1 SYSTEMPATH/Router/RouteCollection.php(1026): trigger_error('Passing lowercase HTTP method "post" is deprecated. Use uppercase HTTP method like "POST".', 16384)
 2 APPPATH/Config/Routes.php(60): CodeIgniter\Router\RouteCollection->match([...], 'regime/edit/(:num)', '\\App\\Controllers\\Regimes\\RegimeController::edit/$1')
 3 SYSTEMPATH/Router/RouteCollection.php(799): CodeIgniter\Router\RouteCollection->{closure}(Object(CodeIgniter\Router\RouteCollection))
 4 APPPATH/Config/Routes.php(56): CodeIgniter\Router\RouteCollection->group('admin', [...], Object(Closure))
 5 SYSTEMPATH/Router/RouteCollection.php(339): require('/home/angeli/Asa/MrRojo/Regime/app/Config/Routes.php')
 6 SYSTEMPATH/CodeIgniter.php(818): CodeIgniter\Router\RouteCollection->loadRoutes()
 7 SYSTEMPATH/CodeIgniter.php(441): CodeIgniter\CodeIgniter->tryToRouteIt(null)
 8 SYSTEMPATH/CodeIgniter.php(340): CodeIgniter\CodeIgniter->handleRequest(null, Object(Config\Cache), false)
 9 SYSTEMPATH/Boot.php(417): CodeIgniter\CodeIgniter->run()
10 SYSTEMPATH/Boot.php(68): CodeIgniter\Boot::runCodeIgniter(Object(CodeIgniter\CodeIgniter))
11 FCPATH/index.php(59): CodeIgniter\Boot::bootWeb(Object(Config\Paths))
WARNING - 2026-05-11 16:41:54 --> [DEPRECATED] Passing lowercase HTTP method "get" is deprecated. Use uppercase HTTP method like "GET". in SYSTEMPATH/Router/RouteCollection.php on line 1026.
 1 SYSTEMPATH/Router/RouteCollection.php(1026): trigger_error('Passing lowercase HTTP method "get" is deprecated. Use uppercase HTTP method like "GET".', 16384)
 2 APPPATH/Config/Routes.php(64): CodeIgniter\Router\RouteCollection->match([...], 'sport/create', '\\App\\Controllers\\Activites\\ActiviteController::create')
 3 SYSTEMPATH/Router/RouteCollection.php(799): CodeIgniter\Router\RouteCollection->{closure}(Object(CodeIgniter\Router\RouteCollection))
 4 APPPATH/Config/Routes.php(56): CodeIgniter\Router\RouteCollection->group('admin', [...], Object(Closure))
 5 SYSTEMPATH/Router/RouteCollection.php(339): require('/home/angeli/Asa/MrRojo/Regime/app/Config/Routes.php')
 6 SYSTEMPATH/CodeIgniter.php(818): CodeIgniter\Router\RouteCollection->loadRoutes()
 7 SYSTEMPATH/CodeIgniter.php(441): CodeIgniter\CodeIgniter->tryToRouteIt(null)
 8 SYSTEMPATH/CodeIgniter.php(340): CodeIgniter\CodeIgniter->handleRequest(null, Object(Config\Cache), false)
 9 SYSTEMPATH/Boot.php(417): CodeIgniter\CodeIgniter->run()
10 SYSTEMPATH/Boot.php(68): CodeIgniter\Boot::runCodeIgniter(Object(CodeIgniter\CodeIgniter))
11 FCPATH/index.php(59): CodeIgniter\Boot::bootWeb(Object(Config\Paths))
WARNING - 2026-05-11 16:41:54 --> [DEPRECATED] Passing lowercase HTTP method "post" is deprecated. Use uppercase HTTP method like "POST". in SYSTEMPATH/Router/RouteCollection.php on line 1026.
 1 SYSTEMPATH/Router/RouteCollection.php(1026): trigger_error('Passing lowercase HTTP method "post" is deprecated. Use uppercase HTTP method like "POST".', 16384)
 2 APPPATH/Config/Routes.php(64): CodeIgniter\Router\RouteCollection->match([...], 'sport/create', '\\App\\Controllers\\Activites\\ActiviteController::create')
 3 SYSTEMPATH/Router/RouteCollection.php(799): CodeIgniter\Router\RouteCollection->{closure}(Object(CodeIgniter\Router\RouteCollection))
 4 APPPATH/Config/Routes.php(56): CodeIgniter\Router\RouteCollection->group('admin', [...], Object(Closure))
 5 SYSTEMPATH/Router/RouteCollection.php(339): require('/home/angeli/Asa/MrRojo/Regime/app/Config/Routes.php')
 6 SYSTEMPATH/CodeIgniter.php(818): CodeIgniter\Router\RouteCollection->loadRoutes()
 7 SYSTEMPATH/CodeIgniter.php(441): CodeIgniter\CodeIgniter->tryToRouteIt(null)
 8 SYSTEMPATH/CodeIgniter.php(340): CodeIgniter\CodeIgniter->handleRequest(null, Object(Config\Cache), false)
 9 SYSTEMPATH/Boot.php(417): CodeIgniter\CodeIgniter->run()
10 SYSTEMPATH/Boot.php(68): CodeIgniter\Boot::runCodeIgniter(Object(CodeIgniter\CodeIgniter))
11 FCPATH/index.php(59): CodeIgniter\Boot::bootWeb(Object(Config\Paths))
WARNING - 2026-05-11 16:41:54 --> [DEPRECATED] Passing lowercase HTTP method "get" is deprecated. Use uppercase HTTP method like "GET". in SYSTEMPATH/Router/RouteCollection.php on line 1026.
 1 SYSTEMPATH/Router/RouteCollection.php(1026): trigger_error('Passing lowercase HTTP method "get" is deprecated. Use uppercase HTTP method like "GET".', 16384)
 2 APPPATH/Config/Routes.php(65): CodeIgniter\Router\RouteCollection->match([...], 'sport/edit/(:num)', '\\App\\Controllers\\Activites\\ActiviteController::edit/$1')
 3 SYSTEMPATH/Router/RouteCollection.php(799): CodeIgniter\Router\RouteCollection->{closure}(Object(CodeIgniter\Router\RouteCollection))
 4 APPPATH/Config/Routes.php(56): CodeIgniter\Router\RouteCollection->group('admin', [...], Object(Closure))
 5 SYSTEMPATH/Router/RouteCollection.php(339): require('/home/angeli/Asa/MrRojo/Regime/app/Config/Routes.php')
 6 SYSTEMPATH/CodeIgniter.php(818): CodeIgniter\Router\RouteCollection->loadRoutes()
 7 SYSTEMPATH/CodeIgniter.php(441): CodeIgniter\CodeIgniter->tryToRouteIt(null)
 8 SYSTEMPATH/CodeIgniter.php(340): CodeIgniter\CodeIgniter->handleRequest(null, Object(Config\Cache), false)
 9 SYSTEMPATH/Boot.php(417): CodeIgniter\CodeIgniter->run()
10 SYSTEMPATH/Boot.php(68): CodeIgniter\Boot::runCodeIgniter(Object(CodeIgniter\CodeIgniter))
11 FCPATH/index.php(59): CodeIgniter\Boot::bootWeb(Object(Config\Paths))
WARNING - 2026-05-11 16:41:54 --> [DEPRECATED] Passing lowercase HTTP method "post" is deprecated. Use uppercase HTTP method like "POST". in SYSTEMPATH/Router/RouteCollection.php on line 1026.
 1 SYSTEMPATH/Router/RouteCollection.php(1026): trigger_error('Passing lowercase HTTP method "post" is deprecated. Use uppercase HTTP method like "POST".', 16384)
 2 APPPATH/Config/Routes.php(65): CodeIgniter\Router\RouteCollection->match([...], 'sport/edit/(:num)', '\\App\\Controllers\\Activites\\ActiviteController::edit/$1')
 3 SYSTEMPATH/Router/RouteCollection.php(799): CodeIgniter\Router\RouteCollection->{closure}(Object(CodeIgniter\Router\RouteCollection))
 4 APPPATH/Config/Routes.php(56): CodeIgniter\Router\RouteCollection->group('admin', [...], Object(Closure))
 5 SYSTEMPATH/Router/RouteCollection.php(339): require('/home/angeli/Asa/MrRojo/Regime/app/Config/Routes.php')
 6 SYSTEMPATH/CodeIgniter.php(818): CodeIgniter\Router\RouteCollection->loadRoutes()
 7 SYSTEMPATH/CodeIgniter.php(441): CodeIgniter\CodeIgniter->tryToRouteIt(null)
 8 SYSTEMPATH/CodeIgniter.php(340): CodeIgniter\CodeIgniter->handleRequest(null, Object(Config\Cache), false)
 9 SYSTEMPATH/Boot.php(417): CodeIgniter\CodeIgniter->run()
10 SYSTEMPATH/Boot.php(68): CodeIgniter\Boot::runCodeIgniter(Object(CodeIgniter\CodeIgniter))
11 FCPATH/index.php(59): CodeIgniter\Boot::bootWeb(Object(Config\Paths))
DEBUG - 2026-05-11 16:41:54 --> Session: Class initialized using 'CodeIgniter\Session\Handlers\FileHandler' driver.
WARNING - 2026-05-11 16:48:05 --> [DEPRECATED] Passing lowercase HTTP method "get" is deprecated. Use uppercase HTTP method like "GET". in SYSTEMPATH/Router/RouteCollection.php on line 1026.
 1 SYSTEMPATH/Router/RouteCollection.php(1026): trigger_error('Passing lowercase HTTP method "get" is deprecated. Use uppercase HTTP method like "GET".', 16384)
 2 APPPATH/Config/Routes.php(59): CodeIgniter\Router\RouteCollection->match([...], 'regime/create', '\\App\\Controllers\\Regimes\\RegimeController::create')
 3 SYSTEMPATH/Router/RouteCollection.php(799): CodeIgniter\Router\RouteCollection->{closure}(Object(CodeIgniter\Router\RouteCollection))
 4 APPPATH/Config/Routes.php(56): CodeIgniter\Router\RouteCollection->group('admin', [...], Object(Closure))
 5 SYSTEMPATH/Router/RouteCollection.php(339): require('/home/angeli/Asa/MrRojo/Regime/app/Config/Routes.php')
 6 SYSTEMPATH/CodeIgniter.php(818): CodeIgniter\Router\RouteCollection->loadRoutes()
 7 SYSTEMPATH/CodeIgniter.php(441): CodeIgniter\CodeIgniter->tryToRouteIt(null)
 8 SYSTEMPATH/CodeIgniter.php(340): CodeIgniter\CodeIgniter->handleRequest(null, Object(Config\Cache), false)
 9 SYSTEMPATH/Boot.php(417): CodeIgniter\CodeIgniter->run()
10 SYSTEMPATH/Boot.php(68): CodeIgniter\Boot::runCodeIgniter(Object(CodeIgniter\CodeIgniter))
11 FCPATH/index.php(59): CodeIgniter\Boot::bootWeb(Object(Config\Paths))
WARNING - 2026-05-11 16:48:05 --> [DEPRECATED] Passing lowercase HTTP method "post" is deprecated. Use uppercase HTTP method like "POST". in SYSTEMPATH/Router/RouteCollection.php on line 1026.
 1 SYSTEMPATH/Router/RouteCollection.php(1026): trigger_error('Passing lowercase HTTP method "post" is deprecated. Use uppercase HTTP method like "POST".', 16384)
 2 APPPATH/Config/Routes.php(59): CodeIgniter\Router\RouteCollection->match([...], 'regime/create', '\\App\\Controllers\\Regimes\\RegimeController::create')
 3 SYSTEMPATH/Router/RouteCollection.php(799): CodeIgniter\Router\RouteCollection->{closure}(Object(CodeIgniter\Router\RouteCollection))
 4 APPPATH/Config/Routes.php(56): CodeIgniter\Router\RouteCollection->group('admin', [...], Object(Closure))
 5 SYSTEMPATH/Router/RouteCollection.php(339): require('/home/angeli/Asa/MrRojo/Regime/app/Config/Routes.php')
 6 SYSTEMPATH/CodeIgniter.php(818): CodeIgniter\Router\RouteCollection->loadRoutes()
 7 SYSTEMPATH/CodeIgniter.php(441): CodeIgniter\CodeIgniter->tryToRouteIt(null)
 8 SYSTEMPATH/CodeIgniter.php(340): CodeIgniter\CodeIgniter->handleRequest(null, Object(Config\Cache), false)
 9 SYSTEMPATH/Boot.php(417): CodeIgniter\CodeIgniter->run()
10 SYSTEMPATH/Boot.php(68): CodeIgniter\Boot::runCodeIgniter(Object(CodeIgniter\CodeIgniter))
11 FCPATH/index.php(59): CodeIgniter\Boot::bootWeb(Object(Config\Paths))
WARNING - 2026-05-11 16:48:05 --> [DEPRECATED] Passing lowercase HTTP method "get" is deprecated. Use uppercase HTTP method like "GET". in SYSTEMPATH/Router/RouteCollection.php on line 1026.
 1 SYSTEMPATH/Router/RouteCollection.php(1026): trigger_error('Passing lowercase HTTP method "get" is deprecated. Use uppercase HTTP method like "GET".', 16384)
 2 APPPATH/Config/Routes.php(60): CodeIgniter\Router\RouteCollection->match([...], 'regime/edit/(:num)', '\\App\\Controllers\\Regimes\\RegimeController::edit/$1')
 3 SYSTEMPATH/Router/RouteCollection.php(799): CodeIgniter\Router\RouteCollection->{closure}(Object(CodeIgniter\Router\RouteCollection))
 4 APPPATH/Config/Routes.php(56): CodeIgniter\Router\RouteCollection->group('admin', [...], Object(Closure))
 5 SYSTEMPATH/Router/RouteCollection.php(339): require('/home/angeli/Asa/MrRojo/Regime/app/Config/Routes.php')
 6 SYSTEMPATH/CodeIgniter.php(818): CodeIgniter\Router\RouteCollection->loadRoutes()
 7 SYSTEMPATH/CodeIgniter.php(441): CodeIgniter\CodeIgniter->tryToRouteIt(null)
 8 SYSTEMPATH/CodeIgniter.php(340): CodeIgniter\CodeIgniter->handleRequest(null, Object(Config\Cache), false)
 9 SYSTEMPATH/Boot.php(417): CodeIgniter\CodeIgniter->run()
10 SYSTEMPATH/Boot.php(68): CodeIgniter\Boot::runCodeIgniter(Object(CodeIgniter\CodeIgniter))
11 FCPATH/index.php(59): CodeIgniter\Boot::bootWeb(Object(Config\Paths))
WARNING - 2026-05-11 16:48:05 --> [DEPRECATED] Passing lowercase HTTP method "post" is deprecated. Use uppercase HTTP method like "POST". in SYSTEMPATH/Router/RouteCollection.php on line 1026.
 1 SYSTEMPATH/Router/RouteCollection.php(1026): trigger_error('Passing lowercase HTTP method "post" is deprecated. Use uppercase HTTP method like "POST".', 16384)
 2 APPPATH/Config/Routes.php(60): CodeIgniter\Router\RouteCollection->match([...], 'regime/edit/(:num)', '\\App\\Controllers\\Regimes\\RegimeController::edit/$1')
 3 SYSTEMPATH/Router/RouteCollection.php(799): CodeIgniter\Router\RouteCollection->{closure}(Object(CodeIgniter\Router\RouteCollection))
 4 APPPATH/Config/Routes.php(56): CodeIgniter\Router\RouteCollection->group('admin', [...], Object(Closure))
 5 SYSTEMPATH/Router/RouteCollection.php(339): require('/home/angeli/Asa/MrRojo/Regime/app/Config/Routes.php')
 6 SYSTEMPATH/CodeIgniter.php(818): CodeIgniter\Router\RouteCollection->loadRoutes()
 7 SYSTEMPATH/CodeIgniter.php(441): CodeIgniter\CodeIgniter->tryToRouteIt(null)
 8 SYSTEMPATH/CodeIgniter.php(340): CodeIgniter\CodeIgniter->handleRequest(null, Object(Config\Cache), false)
 9 SYSTEMPATH/Boot.php(417): CodeIgniter\CodeIgniter->run()
10 SYSTEMPATH/Boot.php(68): CodeIgniter\Boot::runCodeIgniter(Object(CodeIgniter\CodeIgniter))
11 FCPATH/index.php(59): CodeIgniter\Boot::bootWeb(Object(Config\Paths))
WARNING - 2026-05-11 16:48:05 --> [DEPRECATED] Passing lowercase HTTP method "get" is deprecated. Use uppercase HTTP method like "GET". in SYSTEMPATH/Router/RouteCollection.php on line 1026.
 1 SYSTEMPATH/Router/RouteCollection.php(1026): trigger_error('Passing lowercase HTTP method "get" is deprecated. Use uppercase HTTP method like "GET".', 16384)
 2 APPPATH/Config/Routes.php(64): CodeIgniter\Router\RouteCollection->match([...], 'sport/create', '\\App\\Controllers\\Activites\\ActiviteController::create')
 3 SYSTEMPATH/Router/RouteCollection.php(799): CodeIgniter\Router\RouteCollection->{closure}(Object(CodeIgniter\Router\RouteCollection))
 4 APPPATH/Config/Routes.php(56): CodeIgniter\Router\RouteCollection->group('admin', [...], Object(Closure))
 5 SYSTEMPATH/Router/RouteCollection.php(339): require('/home/angeli/Asa/MrRojo/Regime/app/Config/Routes.php')
 6 SYSTEMPATH/CodeIgniter.php(818): CodeIgniter\Router\RouteCollection->loadRoutes()
 7 SYSTEMPATH/CodeIgniter.php(441): CodeIgniter\CodeIgniter->tryToRouteIt(null)
 8 SYSTEMPATH/CodeIgniter.php(340): CodeIgniter\CodeIgniter->handleRequest(null, Object(Config\Cache), false)
 9 SYSTEMPATH/Boot.php(417): CodeIgniter\CodeIgniter->run()
10 SYSTEMPATH/Boot.php(68): CodeIgniter\Boot::runCodeIgniter(Object(CodeIgniter\CodeIgniter))
11 FCPATH/index.php(59): CodeIgniter\Boot::bootWeb(Object(Config\Paths))
WARNING - 2026-05-11 16:48:05 --> [DEPRECATED] Passing lowercase HTTP method "post" is deprecated. Use uppercase HTTP method like "POST". in SYSTEMPATH/Router/RouteCollection.php on line 1026.
 1 SYSTEMPATH/Router/RouteCollection.php(1026): trigger_error('Passing lowercase HTTP method "post" is deprecated. Use uppercase HTTP method like "POST".', 16384)
 2 APPPATH/Config/Routes.php(64): CodeIgniter\Router\RouteCollection->match([...], 'sport/create', '\\App\\Controllers\\Activites\\ActiviteController::create')
 3 SYSTEMPATH/Router/RouteCollection.php(799): CodeIgniter\Router\RouteCollection->{closure}(Object(CodeIgniter\Router\RouteCollection))
 4 APPPATH/Config/Routes.php(56): CodeIgniter\Router\RouteCollection->group('admin', [...], Object(Closure))
 5 SYSTEMPATH/Router/RouteCollection.php(339): require('/home/angeli/Asa/MrRojo/Regime/app/Config/Routes.php')
 6 SYSTEMPATH/CodeIgniter.php(818): CodeIgniter\Router\RouteCollection->loadRoutes()
 7 SYSTEMPATH/CodeIgniter.php(441): CodeIgniter\CodeIgniter->tryToRouteIt(null)
 8 SYSTEMPATH/CodeIgniter.php(340): CodeIgniter\CodeIgniter->handleRequest(null, Object(Config\Cache), false)
 9 SYSTEMPATH/Boot.php(417): CodeIgniter\CodeIgniter->run()
10 SYSTEMPATH/Boot.php(68): CodeIgniter\Boot::runCodeIgniter(Object(CodeIgniter\CodeIgniter))
11 FCPATH/index.php(59): CodeIgniter\Boot::bootWeb(Object(Config\Paths))
WARNING - 2026-05-11 16:48:05 --> [DEPRECATED] Passing lowercase HTTP method "get" is deprecated. Use uppercase HTTP method like "GET". in SYSTEMPATH/Router/RouteCollection.php on line 1026.
 1 SYSTEMPATH/Router/RouteCollection.php(1026): trigger_error('Passing lowercase HTTP method "get" is deprecated. Use uppercase HTTP method like "GET".', 16384)
 2 APPPATH/Config/Routes.php(65): CodeIgniter\Router\RouteCollection->match([...], 'sport/edit/(:num)', '\\App\\Controllers\\Activites\\ActiviteController::edit/$1')
 3 SYSTEMPATH/Router/RouteCollection.php(799): CodeIgniter\Router\RouteCollection->{closure}(Object(CodeIgniter\Router\RouteCollection))
 4 APPPATH/Config/Routes.php(56): CodeIgniter\Router\RouteCollection->group('admin', [...], Object(Closure))
 5 SYSTEMPATH/Router/RouteCollection.php(339): require('/home/angeli/Asa/MrRojo/Regime/app/Config/Routes.php')
 6 SYSTEMPATH/CodeIgniter.php(818): CodeIgniter\Router\RouteCollection->loadRoutes()
 7 SYSTEMPATH/CodeIgniter.php(441): CodeIgniter\CodeIgniter->tryToRouteIt(null)
 8 SYSTEMPATH/CodeIgniter.php(340): CodeIgniter\CodeIgniter->handleRequest(null, Object(Config\Cache), false)
 9 SYSTEMPATH/Boot.php(417): CodeIgniter\CodeIgniter->run()
10 SYSTEMPATH/Boot.php(68): CodeIgniter\Boot::runCodeIgniter(Object(CodeIgniter\CodeIgniter))
11 FCPATH/index.php(59): CodeIgniter\Boot::bootWeb(Object(Config\Paths))
WARNING - 2026-05-11 16:48:05 --> [DEPRECATED] Passing lowercase HTTP method "post" is deprecated. Use uppercase HTTP method like "POST". in SYSTEMPATH/Router/RouteCollection.php on line 1026.
 1 SYSTEMPATH/Router/RouteCollection.php(1026): trigger_error('Passing lowercase HTTP method "post" is deprecated. Use uppercase HTTP method like "POST".', 16384)
 2 APPPATH/Config/Routes.php(65): CodeIgniter\Router\RouteCollection->match([...], 'sport/edit/(:num)', '\\App\\Controllers\\Activites\\ActiviteController::edit/$1')
 3 SYSTEMPATH/Router/RouteCollection.php(799): CodeIgniter\Router\RouteCollection->{closure}(Object(CodeIgniter\Router\RouteCollection))
 4 APPPATH/Config/Routes.php(56): CodeIgniter\Router\RouteCollection->group('admin', [...], Object(Closure))
 5 SYSTEMPATH/Router/RouteCollection.php(339): require('/home/angeli/Asa/MrRojo/Regime/app/Config/Routes.php')
 6 SYSTEMPATH/CodeIgniter.php(818): CodeIgniter\Router\RouteCollection->loadRoutes()
 7 SYSTEMPATH/CodeIgniter.php(441): CodeIgniter\CodeIgniter->tryToRouteIt(null)
 8 SYSTEMPATH/CodeIgniter.php(340): CodeIgniter\CodeIgniter->handleRequest(null, Object(Config\Cache), false)
 9 SYSTEMPATH/Boot.php(417): CodeIgniter\CodeIgniter->run()
10 SYSTEMPATH/Boot.php(68): CodeIgniter\Boot::runCodeIgniter(Object(CodeIgniter\CodeIgniter))
11 FCPATH/index.php(59): CodeIgniter\Boot::bootWeb(Object(Config\Paths))
DEBUG - 2026-05-11 16:48:05 --> Session: Class initialized using 'CodeIgniter\Session\Handlers\FileHandler' driver.
WARNING - 2026-05-11 16:48:49 --> [DEPRECATED] Passing lowercase HTTP method "get" is deprecated. Use uppercase HTTP method like "GET". in SYSTEMPATH/Router/RouteCollection.php on line 1026.
 1 SYSTEMPATH/Router/RouteCollection.php(1026): trigger_error('Passing lowercase HTTP method "get" is deprecated. Use uppercase HTTP method like "GET".', 16384)
 2 APPPATH/Config/Routes.php(59): CodeIgniter\Router\RouteCollection->match([...], 'regime/create', '\\App\\Controllers\\Regimes\\RegimeController::create')
 3 SYSTEMPATH/Router/RouteCollection.php(799): CodeIgniter\Router\RouteCollection->{closure}(Object(CodeIgniter\Router\RouteCollection))
 4 APPPATH/Config/Routes.php(56): CodeIgniter\Router\RouteCollection->group('admin', [...], Object(Closure))
 5 SYSTEMPATH/Router/RouteCollection.php(339): require('/home/angeli/Asa/MrRojo/Regime/app/Config/Routes.php')
 6 SYSTEMPATH/CodeIgniter.php(818): CodeIgniter\Router\RouteCollection->loadRoutes()
 7 SYSTEMPATH/CodeIgniter.php(441): CodeIgniter\CodeIgniter->tryToRouteIt(null)
 8 SYSTEMPATH/CodeIgniter.php(340): CodeIgniter\CodeIgniter->handleRequest(null, Object(Config\Cache), false)
 9 SYSTEMPATH/Boot.php(417): CodeIgniter\CodeIgniter->run()
10 SYSTEMPATH/Boot.php(68): CodeIgniter\Boot::runCodeIgniter(Object(CodeIgniter\CodeIgniter))
11 FCPATH/index.php(59): CodeIgniter\Boot::bootWeb(Object(Config\Paths))
WARNING - 2026-05-11 16:48:49 --> [DEPRECATED] Passing lowercase HTTP method "post" is deprecated. Use uppercase HTTP method like "POST". in SYSTEMPATH/Router/RouteCollection.php on line 1026.
 1 SYSTEMPATH/Router/RouteCollection.php(1026): trigger_error('Passing lowercase HTTP method "post" is deprecated. Use uppercase HTTP method like "POST".', 16384)
 2 APPPATH/Config/Routes.php(59): CodeIgniter\Router\RouteCollection->match([...], 'regime/create', '\\App\\Controllers\\Regimes\\RegimeController::create')
 3 SYSTEMPATH/Router/RouteCollection.php(799): CodeIgniter\Router\RouteCollection->{closure}(Object(CodeIgniter\Router\RouteCollection))
 4 APPPATH/Config/Routes.php(56): CodeIgniter\Router\RouteCollection->group('admin', [...], Object(Closure))
 5 SYSTEMPATH/Router/RouteCollection.php(339): require('/home/angeli/Asa/MrRojo/Regime/app/Config/Routes.php')
 6 SYSTEMPATH/CodeIgniter.php(818): CodeIgniter\Router\RouteCollection->loadRoutes()
 7 SYSTEMPATH/CodeIgniter.php(441): CodeIgniter\CodeIgniter->tryToRouteIt(null)
 8 SYSTEMPATH/CodeIgniter.php(340): CodeIgniter\CodeIgniter->handleRequest(null, Object(Config\Cache), false)
 9 SYSTEMPATH/Boot.php(417): CodeIgniter\CodeIgniter->run()
10 SYSTEMPATH/Boot.php(68): CodeIgniter\Boot::runCodeIgniter(Object(CodeIgniter\CodeIgniter))
11 FCPATH/index.php(59): CodeIgniter\Boot::bootWeb(Object(Config\Paths))
WARNING - 2026-05-11 16:48:49 --> [DEPRECATED] Passing lowercase HTTP method "get" is deprecated. Use uppercase HTTP method like "GET". in SYSTEMPATH/Router/RouteCollection.php on line 1026.
 1 SYSTEMPATH/Router/RouteCollection.php(1026): trigger_error('Passing lowercase HTTP method "get" is deprecated. Use uppercase HTTP method like "GET".', 16384)
 2 APPPATH/Config/Routes.php(60): CodeIgniter\Router\RouteCollection->match([...], 'regime/edit/(:num)', '\\App\\Controllers\\Regimes\\RegimeController::edit/$1')
 3 SYSTEMPATH/Router/RouteCollection.php(799): CodeIgniter\Router\RouteCollection->{closure}(Object(CodeIgniter\Router\RouteCollection))
 4 APPPATH/Config/Routes.php(56): CodeIgniter\Router\RouteCollection->group('admin', [...], Object(Closure))
 5 SYSTEMPATH/Router/RouteCollection.php(339): require('/home/angeli/Asa/MrRojo/Regime/app/Config/Routes.php')
 6 SYSTEMPATH/CodeIgniter.php(818): CodeIgniter\Router\RouteCollection->loadRoutes()
 7 SYSTEMPATH/CodeIgniter.php(441): CodeIgniter\CodeIgniter->tryToRouteIt(null)
 8 SYSTEMPATH/CodeIgniter.php(340): CodeIgniter\CodeIgniter->handleRequest(null, Object(Config\Cache), false)
 9 SYSTEMPATH/Boot.php(417): CodeIgniter\CodeIgniter->run()
10 SYSTEMPATH/Boot.php(68): CodeIgniter\Boot::runCodeIgniter(Object(CodeIgniter\CodeIgniter))
11 FCPATH/index.php(59): CodeIgniter\Boot::bootWeb(Object(Config\Paths))
WARNING - 2026-05-11 16:48:49 --> [DEPRECATED] Passing lowercase HTTP method "post" is deprecated. Use uppercase HTTP method like "POST". in SYSTEMPATH/Router/RouteCollection.php on line 1026.
 1 SYSTEMPATH/Router/RouteCollection.php(1026): trigger_error('Passing lowercase HTTP method "post" is deprecated. Use uppercase HTTP method like "POST".', 16384)
 2 APPPATH/Config/Routes.php(60): CodeIgniter\Router\RouteCollection->match([...], 'regime/edit/(:num)', '\\App\\Controllers\\Regimes\\RegimeController::edit/$1')
 3 SYSTEMPATH/Router/RouteCollection.php(799): CodeIgniter\Router\RouteCollection->{closure}(Object(CodeIgniter\Router\RouteCollection))
 4 APPPATH/Config/Routes.php(56): CodeIgniter\Router\RouteCollection->group('admin', [...], Object(Closure))
 5 SYSTEMPATH/Router/RouteCollection.php(339): require('/home/angeli/Asa/MrRojo/Regime/app/Config/Routes.php')
 6 SYSTEMPATH/CodeIgniter.php(818): CodeIgniter\Router\RouteCollection->loadRoutes()
 7 SYSTEMPATH/CodeIgniter.php(441): CodeIgniter\CodeIgniter->tryToRouteIt(null)
 8 SYSTEMPATH/CodeIgniter.php(340): CodeIgniter\CodeIgniter->handleRequest(null, Object(Config\Cache), false)
 9 SYSTEMPATH/Boot.php(417): CodeIgniter\CodeIgniter->run()
10 SYSTEMPATH/Boot.php(68): CodeIgniter\Boot::runCodeIgniter(Object(CodeIgniter\CodeIgniter))
11 FCPATH/index.php(59): CodeIgniter\Boot::bootWeb(Object(Config\Paths))
WARNING - 2026-05-11 16:48:49 --> [DEPRECATED] Passing lowercase HTTP method "get" is deprecated. Use uppercase HTTP method like "GET". in SYSTEMPATH/Router/RouteCollection.php on line 1026.
 1 SYSTEMPATH/Router/RouteCollection.php(1026): trigger_error('Passing lowercase HTTP method "get" is deprecated. Use uppercase HTTP method like "GET".', 16384)
 2 APPPATH/Config/Routes.php(64): CodeIgniter\Router\RouteCollection->match([...], 'sport/create', '\\App\\Controllers\\Activites\\ActiviteController::create')
 3 SYSTEMPATH/Router/RouteCollection.php(799): CodeIgniter\Router\RouteCollection->{closure}(Object(CodeIgniter\Router\RouteCollection))
 4 APPPATH/Config/Routes.php(56): CodeIgniter\Router\RouteCollection->group('admin', [...], Object(Closure))
 5 SYSTEMPATH/Router/RouteCollection.php(339): require('/home/angeli/Asa/MrRojo/Regime/app/Config/Routes.php')
 6 SYSTEMPATH/CodeIgniter.php(818): CodeIgniter\Router\RouteCollection->loadRoutes()
 7 SYSTEMPATH/CodeIgniter.php(441): CodeIgniter\CodeIgniter->tryToRouteIt(null)
 8 SYSTEMPATH/CodeIgniter.php(340): CodeIgniter\CodeIgniter->handleRequest(null, Object(Config\Cache), false)
 9 SYSTEMPATH/Boot.php(417): CodeIgniter\CodeIgniter->run()
10 SYSTEMPATH/Boot.php(68): CodeIgniter\Boot::runCodeIgniter(Object(CodeIgniter\CodeIgniter))
11 FCPATH/index.php(59): CodeIgniter\Boot::bootWeb(Object(Config\Paths))
WARNING - 2026-05-11 16:48:49 --> [DEPRECATED] Passing lowercase HTTP method "post" is deprecated. Use uppercase HTTP method like "POST". in SYSTEMPATH/Router/RouteCollection.php on line 1026.
 1 SYSTEMPATH/Router/RouteCollection.php(1026): trigger_error('Passing lowercase HTTP method "post" is deprecated. Use uppercase HTTP method like "POST".', 16384)
 2 APPPATH/Config/Routes.php(64): CodeIgniter\Router\RouteCollection->match([...], 'sport/create', '\\App\\Controllers\\Activites\\ActiviteController::create')
 3 SYSTEMPATH/Router/RouteCollection.php(799): CodeIgniter\Router\RouteCollection->{closure}(Object(CodeIgniter\Router\RouteCollection))
 4 APPPATH/Config/Routes.php(56): CodeIgniter\Router\RouteCollection->group('admin', [...], Object(Closure))
 5 SYSTEMPATH/Router/RouteCollection.php(339): require('/home/angeli/Asa/MrRojo/Regime/app/Config/Routes.php')
 6 SYSTEMPATH/CodeIgniter.php(818): CodeIgniter\Router\RouteCollection->loadRoutes()
 7 SYSTEMPATH/CodeIgniter.php(441): CodeIgniter\CodeIgniter->tryToRouteIt(null)
 8 SYSTEMPATH/CodeIgniter.php(340): CodeIgniter\CodeIgniter->handleRequest(null, Object(Config\Cache), false)
 9 SYSTEMPATH/Boot.php(417): CodeIgniter\CodeIgniter->run()
10 SYSTEMPATH/Boot.php(68): CodeIgniter\Boot::runCodeIgniter(Object(CodeIgniter\CodeIgniter))
11 FCPATH/index.php(59): CodeIgniter\Boot::bootWeb(Object(Config\Paths))
WARNING - 2026-05-11 16:48:49 --> [DEPRECATED] Passing lowercase HTTP method "get" is deprecated. Use uppercase HTTP method like "GET". in SYSTEMPATH/Router/RouteCollection.php on line 1026.
 1 SYSTEMPATH/Router/RouteCollection.php(1026): trigger_error('Passing lowercase HTTP method "get" is deprecated. Use uppercase HTTP method like "GET".', 16384)
 2 APPPATH/Config/Routes.php(65): CodeIgniter\Router\RouteCollection->match([...], 'sport/edit/(:num)', '\\App\\Controllers\\Activites\\ActiviteController::edit/$1')
 3 SYSTEMPATH/Router/RouteCollection.php(799): CodeIgniter\Router\RouteCollection->{closure}(Object(CodeIgniter\Router\RouteCollection))
 4 APPPATH/Config/Routes.php(56): CodeIgniter\Router\RouteCollection->group('admin', [...], Object(Closure))
 5 SYSTEMPATH/Router/RouteCollection.php(339): require('/home/angeli/Asa/MrRojo/Regime/app/Config/Routes.php')
 6 SYSTEMPATH/CodeIgniter.php(818): CodeIgniter\Router\RouteCollection->loadRoutes()
 7 SYSTEMPATH/CodeIgniter.php(441): CodeIgniter\CodeIgniter->tryToRouteIt(null)
 8 SYSTEMPATH/CodeIgniter.php(340): CodeIgniter\CodeIgniter->handleRequest(null, Object(Config\Cache), false)
 9 SYSTEMPATH/Boot.php(417): CodeIgniter\CodeIgniter->run()
10 SYSTEMPATH/Boot.php(68): CodeIgniter\Boot::runCodeIgniter(Object(CodeIgniter\CodeIgniter))
11 FCPATH/index.php(59): CodeIgniter\Boot::bootWeb(Object(Config\Paths))
WARNING - 2026-05-11 16:48:49 --> [DEPRECATED] Passing lowercase HTTP method "post" is deprecated. Use uppercase HTTP method like "POST". in SYSTEMPATH/Router/RouteCollection.php on line 1026.
 1 SYSTEMPATH/Router/RouteCollection.php(1026): trigger_error('Passing lowercase HTTP method "post" is deprecated. Use uppercase HTTP method like "POST".', 16384)
 2 APPPATH/Config/Routes.php(65): CodeIgniter\Router\RouteCollection->match([...], 'sport/edit/(:num)', '\\App\\Controllers\\Activites\\ActiviteController::edit/$1')
 3 SYSTEMPATH/Router/RouteCollection.php(799): CodeIgniter\Router\RouteCollection->{closure}(Object(CodeIgniter\Router\RouteCollection))
 4 APPPATH/Config/Routes.php(56): CodeIgniter\Router\RouteCollection->group('admin', [...], Object(Closure))
 5 SYSTEMPATH/Router/RouteCollection.php(339): require('/home/angeli/Asa/MrRojo/Regime/app/Config/Routes.php')
 6 SYSTEMPATH/CodeIgniter.php(818): CodeIgniter\Router\RouteCollection->loadRoutes()
 7 SYSTEMPATH/CodeIgniter.php(441): CodeIgniter\CodeIgniter->tryToRouteIt(null)
 8 SYSTEMPATH/CodeIgniter.php(340): CodeIgniter\CodeIgniter->handleRequest(null, Object(Config\Cache), false)
 9 SYSTEMPATH/Boot.php(417): CodeIgniter\CodeIgniter->run()
10 SYSTEMPATH/Boot.php(68): CodeIgniter\Boot::runCodeIgniter(Object(CodeIgniter\CodeIgniter))
11 FCPATH/index.php(59): CodeIgniter\Boot::bootWeb(Object(Config\Paths))
DEBUG - 2026-05-11 16:48:49 --> Session: Class initialized using 'CodeIgniter\Session\Handlers\FileHandler' driver.
WARNING - 2026-05-11 16:48:49 --> [DEPRECATED] Passing lowercase HTTP method "get" is deprecated. Use uppercase HTTP method like "GET". in SYSTEMPATH/Router/RouteCollection.php on line 1026.
 1 SYSTEMPATH/Router/RouteCollection.php(1026): trigger_error('Passing lowercase HTTP method "get" is deprecated. Use uppercase HTTP method like "GET".', 16384)
 2 APPPATH/Config/Routes.php(59): CodeIgniter\Router\RouteCollection->match([...], 'regime/create', '\\App\\Controllers\\Regimes\\RegimeController::create')
 3 SYSTEMPATH/Router/RouteCollection.php(799): CodeIgniter\Router\RouteCollection->{closure}(Object(CodeIgniter\Router\RouteCollection))
 4 APPPATH/Config/Routes.php(56): CodeIgniter\Router\RouteCollection->group('admin', [...], Object(Closure))
 5 SYSTEMPATH/Router/RouteCollection.php(339): require('/home/angeli/Asa/MrRojo/Regime/app/Config/Routes.php')
 6 SYSTEMPATH/CodeIgniter.php(818): CodeIgniter\Router\RouteCollection->loadRoutes()
 7 SYSTEMPATH/CodeIgniter.php(441): CodeIgniter\CodeIgniter->tryToRouteIt(null)
 8 SYSTEMPATH/CodeIgniter.php(340): CodeIgniter\CodeIgniter->handleRequest(null, Object(Config\Cache), false)
 9 SYSTEMPATH/Boot.php(417): CodeIgniter\CodeIgniter->run()
10 SYSTEMPATH/Boot.php(68): CodeIgniter\Boot::runCodeIgniter(Object(CodeIgniter\CodeIgniter))
11 FCPATH/index.php(59): CodeIgniter\Boot::bootWeb(Object(Config\Paths))
WARNING - 2026-05-11 16:48:49 --> [DEPRECATED] Passing lowercase HTTP method "post" is deprecated. Use uppercase HTTP method like "POST". in SYSTEMPATH/Router/RouteCollection.php on line 1026.
 1 SYSTEMPATH/Router/RouteCollection.php(1026): trigger_error('Passing lowercase HTTP method "post" is deprecated. Use uppercase HTTP method like "POST".', 16384)
 2 APPPATH/Config/Routes.php(59): CodeIgniter\Router\RouteCollection->match([...], 'regime/create', '\\App\\Controllers\\Regimes\\RegimeController::create')
 3 SYSTEMPATH/Router/RouteCollection.php(799): CodeIgniter\Router\RouteCollection->{closure}(Object(CodeIgniter\Router\RouteCollection))
 4 APPPATH/Config/Routes.php(56): CodeIgniter\Router\RouteCollection->group('admin', [...], Object(Closure))
 5 SYSTEMPATH/Router/RouteCollection.php(339): require('/home/angeli/Asa/MrRojo/Regime/app/Config/Routes.php')
 6 SYSTEMPATH/CodeIgniter.php(818): CodeIgniter\Router\RouteCollection->loadRoutes()
 7 SYSTEMPATH/CodeIgniter.php(441): CodeIgniter\CodeIgniter->tryToRouteIt(null)
 8 SYSTEMPATH/CodeIgniter.php(340): CodeIgniter\CodeIgniter->handleRequest(null, Object(Config\Cache), false)
 9 SYSTEMPATH/Boot.php(417): CodeIgniter\CodeIgniter->run()
10 SYSTEMPATH/Boot.php(68): CodeIgniter\Boot::runCodeIgniter(Object(CodeIgniter\CodeIgniter))
11 FCPATH/index.php(59): CodeIgniter\Boot::bootWeb(Object(Config\Paths))
WARNING - 2026-05-11 16:48:49 --> [DEPRECATED] Passing lowercase HTTP method "get" is deprecated. Use uppercase HTTP method like "GET". in SYSTEMPATH/Router/RouteCollection.php on line 1026.
 1 SYSTEMPATH/Router/RouteCollection.php(1026): trigger_error('Passing lowercase HTTP method "get" is deprecated. Use uppercase HTTP method like "GET".', 16384)
 2 APPPATH/Config/Routes.php(60): CodeIgniter\Router\RouteCollection->match([...], 'regime/edit/(:num)', '\\App\\Controllers\\Regimes\\RegimeController::edit/$1')
 3 SYSTEMPATH/Router/RouteCollection.php(799): CodeIgniter\Router\RouteCollection->{closure}(Object(CodeIgniter\Router\RouteCollection))
 4 APPPATH/Config/Routes.php(56): CodeIgniter\Router\RouteCollection->group('admin', [...], Object(Closure))
 5 SYSTEMPATH/Router/RouteCollection.php(339): require('/home/angeli/Asa/MrRojo/Regime/app/Config/Routes.php')
 6 SYSTEMPATH/CodeIgniter.php(818): CodeIgniter\Router\RouteCollection->loadRoutes()
 7 SYSTEMPATH/CodeIgniter.php(441): CodeIgniter\CodeIgniter->tryToRouteIt(null)
 8 SYSTEMPATH/CodeIgniter.php(340): CodeIgniter\CodeIgniter->handleRequest(null, Object(Config\Cache), false)
 9 SYSTEMPATH/Boot.php(417): CodeIgniter\CodeIgniter->run()
10 SYSTEMPATH/Boot.php(68): CodeIgniter\Boot::runCodeIgniter(Object(CodeIgniter\CodeIgniter))
11 FCPATH/index.php(59): CodeIgniter\Boot::bootWeb(Object(Config\Paths))
WARNING - 2026-05-11 16:48:49 --> [DEPRECATED] Passing lowercase HTTP method "post" is deprecated. Use uppercase HTTP method like "POST". in SYSTEMPATH/Router/RouteCollection.php on line 1026.
 1 SYSTEMPATH/Router/RouteCollection.php(1026): trigger_error('Passing lowercase HTTP method "post" is deprecated. Use uppercase HTTP method like "POST".', 16384)
 2 APPPATH/Config/Routes.php(60): CodeIgniter\Router\RouteCollection->match([...], 'regime/edit/(:num)', '\\App\\Controllers\\Regimes\\RegimeController::edit/$1')
 3 SYSTEMPATH/Router/RouteCollection.php(799): CodeIgniter\Router\RouteCollection->{closure}(Object(CodeIgniter\Router\RouteCollection))
 4 APPPATH/Config/Routes.php(56): CodeIgniter\Router\RouteCollection->group('admin', [...], Object(Closure))
 5 SYSTEMPATH/Router/RouteCollection.php(339): require('/home/angeli/Asa/MrRojo/Regime/app/Config/Routes.php')
 6 SYSTEMPATH/CodeIgniter.php(818): CodeIgniter\Router\RouteCollection->loadRoutes()
 7 SYSTEMPATH/CodeIgniter.php(441): CodeIgniter\CodeIgniter->tryToRouteIt(null)
 8 SYSTEMPATH/CodeIgniter.php(340): CodeIgniter\CodeIgniter->handleRequest(null, Object(Config\Cache), false)
 9 SYSTEMPATH/Boot.php(417): CodeIgniter\CodeIgniter->run()
10 SYSTEMPATH/Boot.php(68): CodeIgniter\Boot::runCodeIgniter(Object(CodeIgniter\CodeIgniter))
11 FCPATH/index.php(59): CodeIgniter\Boot::bootWeb(Object(Config\Paths))
WARNING - 2026-05-11 16:48:49 --> [DEPRECATED] Passing lowercase HTTP method "get" is deprecated. Use uppercase HTTP method like "GET". in SYSTEMPATH/Router/RouteCollection.php on line 1026.
 1 SYSTEMPATH/Router/RouteCollection.php(1026): trigger_error('Passing lowercase HTTP method "get" is deprecated. Use uppercase HTTP method like "GET".', 16384)
 2 APPPATH/Config/Routes.php(64): CodeIgniter\Router\RouteCollection->match([...], 'sport/create', '\\App\\Controllers\\Activites\\ActiviteController::create')
 3 SYSTEMPATH/Router/RouteCollection.php(799): CodeIgniter\Router\RouteCollection->{closure}(Object(CodeIgniter\Router\RouteCollection))
 4 APPPATH/Config/Routes.php(56): CodeIgniter\Router\RouteCollection->group('admin', [...], Object(Closure))
 5 SYSTEMPATH/Router/RouteCollection.php(339): require('/home/angeli/Asa/MrRojo/Regime/app/Config/Routes.php')
 6 SYSTEMPATH/CodeIgniter.php(818): CodeIgniter\Router\RouteCollection->loadRoutes()
 7 SYSTEMPATH/CodeIgniter.php(441): CodeIgniter\CodeIgniter->tryToRouteIt(null)
 8 SYSTEMPATH/CodeIgniter.php(340): CodeIgniter\CodeIgniter->handleRequest(null, Object(Config\Cache), false)
 9 SYSTEMPATH/Boot.php(417): CodeIgniter\CodeIgniter->run()
10 SYSTEMPATH/Boot.php(68): CodeIgniter\Boot::runCodeIgniter(Object(CodeIgniter\CodeIgniter))
11 FCPATH/index.php(59): CodeIgniter\Boot::bootWeb(Object(Config\Paths))
WARNING - 2026-05-11 16:48:49 --> [DEPRECATED] Passing lowercase HTTP method "post" is deprecated. Use uppercase HTTP method like "POST". in SYSTEMPATH/Router/RouteCollection.php on line 1026.
 1 SYSTEMPATH/Router/RouteCollection.php(1026): trigger_error('Passing lowercase HTTP method "post" is deprecated. Use uppercase HTTP method like "POST".', 16384)
 2 APPPATH/Config/Routes.php(64): CodeIgniter\Router\RouteCollection->match([...], 'sport/create', '\\App\\Controllers\\Activites\\ActiviteController::create')
 3 SYSTEMPATH/Router/RouteCollection.php(799): CodeIgniter\Router\RouteCollection->{closure}(Object(CodeIgniter\Router\RouteCollection))
 4 APPPATH/Config/Routes.php(56): CodeIgniter\Router\RouteCollection->group('admin', [...], Object(Closure))
 5 SYSTEMPATH/Router/RouteCollection.php(339): require('/home/angeli/Asa/MrRojo/Regime/app/Config/Routes.php')
 6 SYSTEMPATH/CodeIgniter.php(818): CodeIgniter\Router\RouteCollection->loadRoutes()
 7 SYSTEMPATH/CodeIgniter.php(441): CodeIgniter\CodeIgniter->tryToRouteIt(null)
 8 SYSTEMPATH/CodeIgniter.php(340): CodeIgniter\CodeIgniter->handleRequest(null, Object(Config\Cache), false)
 9 SYSTEMPATH/Boot.php(417): CodeIgniter\CodeIgniter->run()
10 SYSTEMPATH/Boot.php(68): CodeIgniter\Boot::runCodeIgniter(Object(CodeIgniter\CodeIgniter))
11 FCPATH/index.php(59): CodeIgniter\Boot::bootWeb(Object(Config\Paths))
WARNING - 2026-05-11 16:48:49 --> [DEPRECATED] Passing lowercase HTTP method "get" is deprecated. Use uppercase HTTP method like "GET". in SYSTEMPATH/Router/RouteCollection.php on line 1026.
 1 SYSTEMPATH/Router/RouteCollection.php(1026): trigger_error('Passing lowercase HTTP method "get" is deprecated. Use uppercase HTTP method like "GET".', 16384)
 2 APPPATH/Config/Routes.php(65): CodeIgniter\Router\RouteCollection->match([...], 'sport/edit/(:num)', '\\App\\Controllers\\Activites\\ActiviteController::edit/$1')
 3 SYSTEMPATH/Router/RouteCollection.php(799): CodeIgniter\Router\RouteCollection->{closure}(Object(CodeIgniter\Router\RouteCollection))
 4 APPPATH/Config/Routes.php(56): CodeIgniter\Router\RouteCollection->group('admin', [...], Object(Closure))
 5 SYSTEMPATH/Router/RouteCollection.php(339): require('/home/angeli/Asa/MrRojo/Regime/app/Config/Routes.php')
 6 SYSTEMPATH/CodeIgniter.php(818): CodeIgniter\Router\RouteCollection->loadRoutes()
 7 SYSTEMPATH/CodeIgniter.php(441): CodeIgniter\CodeIgniter->tryToRouteIt(null)
 8 SYSTEMPATH/CodeIgniter.php(340): CodeIgniter\CodeIgniter->handleRequest(null, Object(Config\Cache), false)
 9 SYSTEMPATH/Boot.php(417): CodeIgniter\CodeIgniter->run()
10 SYSTEMPATH/Boot.php(68): CodeIgniter\Boot::runCodeIgniter(Object(CodeIgniter\CodeIgniter))
11 FCPATH/index.php(59): CodeIgniter\Boot::bootWeb(Object(Config\Paths))
WARNING - 2026-05-11 16:48:49 --> [DEPRECATED] Passing lowercase HTTP method "post" is deprecated. Use uppercase HTTP method like "POST". in SYSTEMPATH/Router/RouteCollection.php on line 1026.
 1 SYSTEMPATH/Router/RouteCollection.php(1026): trigger_error('Passing lowercase HTTP method "post" is deprecated. Use uppercase HTTP method like "POST".', 16384)
 2 APPPATH/Config/Routes.php(65): CodeIgniter\Router\RouteCollection->match([...], 'sport/edit/(:num)', '\\App\\Controllers\\Activites\\ActiviteController::edit/$1')
 3 SYSTEMPATH/Router/RouteCollection.php(799): CodeIgniter\Router\RouteCollection->{closure}(Object(CodeIgniter\Router\RouteCollection))
 4 APPPATH/Config/Routes.php(56): CodeIgniter\Router\RouteCollection->group('admin', [...], Object(Closure))
 5 SYSTEMPATH/Router/RouteCollection.php(339): require('/home/angeli/Asa/MrRojo/Regime/app/Config/Routes.php')
 6 SYSTEMPATH/CodeIgniter.php(818): CodeIgniter\Router\RouteCollection->loadRoutes()
 7 SYSTEMPATH/CodeIgniter.php(441): CodeIgniter\CodeIgniter->tryToRouteIt(null)
 8 SYSTEMPATH/CodeIgniter.php(340): CodeIgniter\CodeIgniter->handleRequest(null, Object(Config\Cache), false)
 9 SYSTEMPATH/Boot.php(417): CodeIgniter\CodeIgniter->run()
10 SYSTEMPATH/Boot.php(68): CodeIgniter\Boot::runCodeIgniter(Object(CodeIgniter\CodeIgniter))
11 FCPATH/index.php(59): CodeIgniter\Boot::bootWeb(Object(Config\Paths))
DEBUG - 2026-05-11 16:48:49 --> Session: Class initialized using 'CodeIgniter\Session\Handlers\FileHandler' driver.
WARNING - 2026-05-11 16:49:03 --> [DEPRECATED] Passing lowercase HTTP method "get" is deprecated. Use uppercase HTTP method like "GET". in SYSTEMPATH/Router/RouteCollection.php on line 1026.
 1 SYSTEMPATH/Router/RouteCollection.php(1026): trigger_error('Passing lowercase HTTP method "get" is deprecated. Use uppercase HTTP method like "GET".', 16384)
 2 APPPATH/Config/Routes.php(59): CodeIgniter\Router\RouteCollection->match([...], 'regime/create', '\\App\\Controllers\\Regimes\\RegimeController::create')
 3 SYSTEMPATH/Router/RouteCollection.php(799): CodeIgniter\Router\RouteCollection->{closure}(Object(CodeIgniter\Router\RouteCollection))
 4 APPPATH/Config/Routes.php(56): CodeIgniter\Router\RouteCollection->group('admin', [...], Object(Closure))
 5 SYSTEMPATH/Router/RouteCollection.php(339): require('/home/angeli/Asa/MrRojo/Regime/app/Config/Routes.php')
 6 SYSTEMPATH/CodeIgniter.php(818): CodeIgniter\Router\RouteCollection->loadRoutes()
 7 SYSTEMPATH/CodeIgniter.php(441): CodeIgniter\CodeIgniter->tryToRouteIt(null)
 8 SYSTEMPATH/CodeIgniter.php(340): CodeIgniter\CodeIgniter->handleRequest(null, Object(Config\Cache), false)
 9 SYSTEMPATH/Boot.php(417): CodeIgniter\CodeIgniter->run()
10 SYSTEMPATH/Boot.php(68): CodeIgniter\Boot::runCodeIgniter(Object(CodeIgniter\CodeIgniter))
11 FCPATH/index.php(59): CodeIgniter\Boot::bootWeb(Object(Config\Paths))
WARNING - 2026-05-11 16:49:03 --> [DEPRECATED] Passing lowercase HTTP method "post" is deprecated. Use uppercase HTTP method like "POST". in SYSTEMPATH/Router/RouteCollection.php on line 1026.
 1 SYSTEMPATH/Router/RouteCollection.php(1026): trigger_error('Passing lowercase HTTP method "post" is deprecated. Use uppercase HTTP method like "POST".', 16384)
 2 APPPATH/Config/Routes.php(59): CodeIgniter\Router\RouteCollection->match([...], 'regime/create', '\\App\\Controllers\\Regimes\\RegimeController::create')
 3 SYSTEMPATH/Router/RouteCollection.php(799): CodeIgniter\Router\RouteCollection->{closure}(Object(CodeIgniter\Router\RouteCollection))
 4 APPPATH/Config/Routes.php(56): CodeIgniter\Router\RouteCollection->group('admin', [...], Object(Closure))
 5 SYSTEMPATH/Router/RouteCollection.php(339): require('/home/angeli/Asa/MrRojo/Regime/app/Config/Routes.php')
 6 SYSTEMPATH/CodeIgniter.php(818): CodeIgniter\Router\RouteCollection->loadRoutes()
 7 SYSTEMPATH/CodeIgniter.php(441): CodeIgniter\CodeIgniter->tryToRouteIt(null)
 8 SYSTEMPATH/CodeIgniter.php(340): CodeIgniter\CodeIgniter->handleRequest(null, Object(Config\Cache), false)
 9 SYSTEMPATH/Boot.php(417): CodeIgniter\CodeIgniter->run()
10 SYSTEMPATH/Boot.php(68): CodeIgniter\Boot::runCodeIgniter(Object(CodeIgniter\CodeIgniter))
11 FCPATH/index.php(59): CodeIgniter\Boot::bootWeb(Object(Config\Paths))
WARNING - 2026-05-11 16:49:03 --> [DEPRECATED] Passing lowercase HTTP method "get" is deprecated. Use uppercase HTTP method like "GET". in SYSTEMPATH/Router/RouteCollection.php on line 1026.
 1 SYSTEMPATH/Router/RouteCollection.php(1026): trigger_error('Passing lowercase HTTP method "get" is deprecated. Use uppercase HTTP method like "GET".', 16384)
 2 APPPATH/Config/Routes.php(60): CodeIgniter\Router\RouteCollection->match([...], 'regime/edit/(:num)', '\\App\\Controllers\\Regimes\\RegimeController::edit/$1')
 3 SYSTEMPATH/Router/RouteCollection.php(799): CodeIgniter\Router\RouteCollection->{closure}(Object(CodeIgniter\Router\RouteCollection))
 4 APPPATH/Config/Routes.php(56): CodeIgniter\Router\RouteCollection->group('admin', [...], Object(Closure))
 5 SYSTEMPATH/Router/RouteCollection.php(339): require('/home/angeli/Asa/MrRojo/Regime/app/Config/Routes.php')
 6 SYSTEMPATH/CodeIgniter.php(818): CodeIgniter\Router\RouteCollection->loadRoutes()
 7 SYSTEMPATH/CodeIgniter.php(441): CodeIgniter\CodeIgniter->tryToRouteIt(null)
 8 SYSTEMPATH/CodeIgniter.php(340): CodeIgniter\CodeIgniter->handleRequest(null, Object(Config\Cache), false)
 9 SYSTEMPATH/Boot.php(417): CodeIgniter\CodeIgniter->run()
10 SYSTEMPATH/Boot.php(68): CodeIgniter\Boot::runCodeIgniter(Object(CodeIgniter\CodeIgniter))
11 FCPATH/index.php(59): CodeIgniter\Boot::bootWeb(Object(Config\Paths))
WARNING - 2026-05-11 16:49:03 --> [DEPRECATED] Passing lowercase HTTP method "post" is deprecated. Use uppercase HTTP method like "POST". in SYSTEMPATH/Router/RouteCollection.php on line 1026.
 1 SYSTEMPATH/Router/RouteCollection.php(1026): trigger_error('Passing lowercase HTTP method "post" is deprecated. Use uppercase HTTP method like "POST".', 16384)
 2 APPPATH/Config/Routes.php(60): CodeIgniter\Router\RouteCollection->match([...], 'regime/edit/(:num)', '\\App\\Controllers\\Regimes\\RegimeController::edit/$1')
 3 SYSTEMPATH/Router/RouteCollection.php(799): CodeIgniter\Router\RouteCollection->{closure}(Object(CodeIgniter\Router\RouteCollection))
 4 APPPATH/Config/Routes.php(56): CodeIgniter\Router\RouteCollection->group('admin', [...], Object(Closure))
 5 SYSTEMPATH/Router/RouteCollection.php(339): require('/home/angeli/Asa/MrRojo/Regime/app/Config/Routes.php')
 6 SYSTEMPATH/CodeIgniter.php(818): CodeIgniter\Router\RouteCollection->loadRoutes()
 7 SYSTEMPATH/CodeIgniter.php(441): CodeIgniter\CodeIgniter->tryToRouteIt(null)
 8 SYSTEMPATH/CodeIgniter.php(340): CodeIgniter\CodeIgniter->handleRequest(null, Object(Config\Cache), false)
 9 SYSTEMPATH/Boot.php(417): CodeIgniter\CodeIgniter->run()
10 SYSTEMPATH/Boot.php(68): CodeIgniter\Boot::runCodeIgniter(Object(CodeIgniter\CodeIgniter))
11 FCPATH/index.php(59): CodeIgniter\Boot::bootWeb(Object(Config\Paths))
WARNING - 2026-05-11 16:49:03 --> [DEPRECATED] Passing lowercase HTTP method "get" is deprecated. Use uppercase HTTP method like "GET". in SYSTEMPATH/Router/RouteCollection.php on line 1026.
 1 SYSTEMPATH/Router/RouteCollection.php(1026): trigger_error('Passing lowercase HTTP method "get" is deprecated. Use uppercase HTTP method like "GET".', 16384)
 2 APPPATH/Config/Routes.php(64): CodeIgniter\Router\RouteCollection->match([...], 'sport/create', '\\App\\Controllers\\Activites\\ActiviteController::create')
 3 SYSTEMPATH/Router/RouteCollection.php(799): CodeIgniter\Router\RouteCollection->{closure}(Object(CodeIgniter\Router\RouteCollection))
 4 APPPATH/Config/Routes.php(56): CodeIgniter\Router\RouteCollection->group('admin', [...], Object(Closure))
 5 SYSTEMPATH/Router/RouteCollection.php(339): require('/home/angeli/Asa/MrRojo/Regime/app/Config/Routes.php')
 6 SYSTEMPATH/CodeIgniter.php(818): CodeIgniter\Router\RouteCollection->loadRoutes()
 7 SYSTEMPATH/CodeIgniter.php(441): CodeIgniter\CodeIgniter->tryToRouteIt(null)
 8 SYSTEMPATH/CodeIgniter.php(340): CodeIgniter\CodeIgniter->handleRequest(null, Object(Config\Cache), false)
 9 SYSTEMPATH/Boot.php(417): CodeIgniter\CodeIgniter->run()
10 SYSTEMPATH/Boot.php(68): CodeIgniter\Boot::runCodeIgniter(Object(CodeIgniter\CodeIgniter))
11 FCPATH/index.php(59): CodeIgniter\Boot::bootWeb(Object(Config\Paths))
WARNING - 2026-05-11 16:49:03 --> [DEPRECATED] Passing lowercase HTTP method "post" is deprecated. Use uppercase HTTP method like "POST". in SYSTEMPATH/Router/RouteCollection.php on line 1026.
 1 SYSTEMPATH/Router/RouteCollection.php(1026): trigger_error('Passing lowercase HTTP method "post" is deprecated. Use uppercase HTTP method like "POST".', 16384)
 2 APPPATH/Config/Routes.php(64): CodeIgniter\Router\RouteCollection->match([...], 'sport/create', '\\App\\Controllers\\Activites\\ActiviteController::create')
 3 SYSTEMPATH/Router/RouteCollection.php(799): CodeIgniter\Router\RouteCollection->{closure}(Object(CodeIgniter\Router\RouteCollection))
 4 APPPATH/Config/Routes.php(56): CodeIgniter\Router\RouteCollection->group('admin', [...], Object(Closure))
 5 SYSTEMPATH/Router/RouteCollection.php(339): require('/home/angeli/Asa/MrRojo/Regime/app/Config/Routes.php')
 6 SYSTEMPATH/CodeIgniter.php(818): CodeIgniter\Router\RouteCollection->loadRoutes()
 7 SYSTEMPATH/CodeIgniter.php(441): CodeIgniter\CodeIgniter->tryToRouteIt(null)
 8 SYSTEMPATH/CodeIgniter.php(340): CodeIgniter\CodeIgniter->handleRequest(null, Object(Config\Cache), false)
 9 SYSTEMPATH/Boot.php(417): CodeIgniter\CodeIgniter->run()
10 SYSTEMPATH/Boot.php(68): CodeIgniter\Boot::runCodeIgniter(Object(CodeIgniter\CodeIgniter))
11 FCPATH/index.php(59): CodeIgniter\Boot::bootWeb(Object(Config\Paths))
WARNING - 2026-05-11 16:49:03 --> [DEPRECATED] Passing lowercase HTTP method "get" is deprecated. Use uppercase HTTP method like "GET". in SYSTEMPATH/Router/RouteCollection.php on line 1026.
 1 SYSTEMPATH/Router/RouteCollection.php(1026): trigger_error('Passing lowercase HTTP method "get" is deprecated. Use uppercase HTTP method like "GET".', 16384)
 2 APPPATH/Config/Routes.php(65): CodeIgniter\Router\RouteCollection->match([...], 'sport/edit/(:num)', '\\App\\Controllers\\Activites\\ActiviteController::edit/$1')
 3 SYSTEMPATH/Router/RouteCollection.php(799): CodeIgniter\Router\RouteCollection->{closure}(Object(CodeIgniter\Router\RouteCollection))
 4 APPPATH/Config/Routes.php(56): CodeIgniter\Router\RouteCollection->group('admin', [...], Object(Closure))
 5 SYSTEMPATH/Router/RouteCollection.php(339): require('/home/angeli/Asa/MrRojo/Regime/app/Config/Routes.php')
 6 SYSTEMPATH/CodeIgniter.php(818): CodeIgniter\Router\RouteCollection->loadRoutes()
 7 SYSTEMPATH/CodeIgniter.php(441): CodeIgniter\CodeIgniter->tryToRouteIt(null)
 8 SYSTEMPATH/CodeIgniter.php(340): CodeIgniter\CodeIgniter->handleRequest(null, Object(Config\Cache), false)
 9 SYSTEMPATH/Boot.php(417): CodeIgniter\CodeIgniter->run()
10 SYSTEMPATH/Boot.php(68): CodeIgniter\Boot::runCodeIgniter(Object(CodeIgniter\CodeIgniter))
11 FCPATH/index.php(59): CodeIgniter\Boot::bootWeb(Object(Config\Paths))
WARNING - 2026-05-11 16:49:03 --> [DEPRECATED] Passing lowercase HTTP method "post" is deprecated. Use uppercase HTTP method like "POST". in SYSTEMPATH/Router/RouteCollection.php on line 1026.
 1 SYSTEMPATH/Router/RouteCollection.php(1026): trigger_error('Passing lowercase HTTP method "post" is deprecated. Use uppercase HTTP method like "POST".', 16384)
 2 APPPATH/Config/Routes.php(65): CodeIgniter\Router\RouteCollection->match([...], 'sport/edit/(:num)', '\\App\\Controllers\\Activites\\ActiviteController::edit/$1')
 3 SYSTEMPATH/Router/RouteCollection.php(799): CodeIgniter\Router\RouteCollection->{closure}(Object(CodeIgniter\Router\RouteCollection))
 4 APPPATH/Config/Routes.php(56): CodeIgniter\Router\RouteCollection->group('admin', [...], Object(Closure))
 5 SYSTEMPATH/Router/RouteCollection.php(339): require('/home/angeli/Asa/MrRojo/Regime/app/Config/Routes.php')
 6 SYSTEMPATH/CodeIgniter.php(818): CodeIgniter\Router\RouteCollection->loadRoutes()
 7 SYSTEMPATH/CodeIgniter.php(441): CodeIgniter\CodeIgniter->tryToRouteIt(null)
 8 SYSTEMPATH/CodeIgniter.php(340): CodeIgniter\CodeIgniter->handleRequest(null, Object(Config\Cache), false)
 9 SYSTEMPATH/Boot.php(417): CodeIgniter\CodeIgniter->run()
10 SYSTEMPATH/Boot.php(68): CodeIgniter\Boot::runCodeIgniter(Object(CodeIgniter\CodeIgniter))
11 FCPATH/index.php(59): CodeIgniter\Boot::bootWeb(Object(Config\Paths))
DEBUG - 2026-05-11 16:49:03 --> Session: Class initialized using 'CodeIgniter\Session\Handlers\FileHandler' driver.
WARNING - 2026-05-11 16:49:03 --> [DEPRECATED] Passing lowercase HTTP method "get" is deprecated. Use uppercase HTTP method like "GET". in SYSTEMPATH/Router/RouteCollection.php on line 1026.
 1 SYSTEMPATH/Router/RouteCollection.php(1026): trigger_error('Passing lowercase HTTP method "get" is deprecated. Use uppercase HTTP method like "GET".', 16384)
 2 APPPATH/Config/Routes.php(59): CodeIgniter\Router\RouteCollection->match([...], 'regime/create', '\\App\\Controllers\\Regimes\\RegimeController::create')
 3 SYSTEMPATH/Router/RouteCollection.php(799): CodeIgniter\Router\RouteCollection->{closure}(Object(CodeIgniter\Router\RouteCollection))
 4 APPPATH/Config/Routes.php(56): CodeIgniter\Router\RouteCollection->group('admin', [...], Object(Closure))
 5 SYSTEMPATH/Router/RouteCollection.php(339): require('/home/angeli/Asa/MrRojo/Regime/app/Config/Routes.php')
 6 SYSTEMPATH/CodeIgniter.php(818): CodeIgniter\Router\RouteCollection->loadRoutes()
 7 SYSTEMPATH/CodeIgniter.php(441): CodeIgniter\CodeIgniter->tryToRouteIt(null)
 8 SYSTEMPATH/CodeIgniter.php(340): CodeIgniter\CodeIgniter->handleRequest(null, Object(Config\Cache), false)
 9 SYSTEMPATH/Boot.php(417): CodeIgniter\CodeIgniter->run()
10 SYSTEMPATH/Boot.php(68): CodeIgniter\Boot::runCodeIgniter(Object(CodeIgniter\CodeIgniter))
11 FCPATH/index.php(59): CodeIgniter\Boot::bootWeb(Object(Config\Paths))
WARNING - 2026-05-11 16:49:03 --> [DEPRECATED] Passing lowercase HTTP method "post" is deprecated. Use uppercase HTTP method like "POST". in SYSTEMPATH/Router/RouteCollection.php on line 1026.
 1 SYSTEMPATH/Router/RouteCollection.php(1026): trigger_error('Passing lowercase HTTP method "post" is deprecated. Use uppercase HTTP method like "POST".', 16384)
 2 APPPATH/Config/Routes.php(59): CodeIgniter\Router\RouteCollection->match([...], 'regime/create', '\\App\\Controllers\\Regimes\\RegimeController::create')
 3 SYSTEMPATH/Router/RouteCollection.php(799): CodeIgniter\Router\RouteCollection->{closure}(Object(CodeIgniter\Router\RouteCollection))
 4 APPPATH/Config/Routes.php(56): CodeIgniter\Router\RouteCollection->group('admin', [...], Object(Closure))
 5 SYSTEMPATH/Router/RouteCollection.php(339): require('/home/angeli/Asa/MrRojo/Regime/app/Config/Routes.php')
 6 SYSTEMPATH/CodeIgniter.php(818): CodeIgniter\Router\RouteCollection->loadRoutes()
 7 SYSTEMPATH/CodeIgniter.php(441): CodeIgniter\CodeIgniter->tryToRouteIt(null)
 8 SYSTEMPATH/CodeIgniter.php(340): CodeIgniter\CodeIgniter->handleRequest(null, Object(Config\Cache), false)
 9 SYSTEMPATH/Boot.php(417): CodeIgniter\CodeIgniter->run()
10 SYSTEMPATH/Boot.php(68): CodeIgniter\Boot::runCodeIgniter(Object(CodeIgniter\CodeIgniter))
11 FCPATH/index.php(59): CodeIgniter\Boot::bootWeb(Object(Config\Paths))
WARNING - 2026-05-11 16:49:03 --> [DEPRECATED] Passing lowercase HTTP method "get" is deprecated. Use uppercase HTTP method like "GET". in SYSTEMPATH/Router/RouteCollection.php on line 1026.
 1 SYSTEMPATH/Router/RouteCollection.php(1026): trigger_error('Passing lowercase HTTP method "get" is deprecated. Use uppercase HTTP method like "GET".', 16384)
 2 APPPATH/Config/Routes.php(60): CodeIgniter\Router\RouteCollection->match([...], 'regime/edit/(:num)', '\\App\\Controllers\\Regimes\\RegimeController::edit/$1')
 3 SYSTEMPATH/Router/RouteCollection.php(799): CodeIgniter\Router\RouteCollection->{closure}(Object(CodeIgniter\Router\RouteCollection))
 4 APPPATH/Config/Routes.php(56): CodeIgniter\Router\RouteCollection->group('admin', [...], Object(Closure))
 5 SYSTEMPATH/Router/RouteCollection.php(339): require('/home/angeli/Asa/MrRojo/Regime/app/Config/Routes.php')
 6 SYSTEMPATH/CodeIgniter.php(818): CodeIgniter\Router\RouteCollection->loadRoutes()
 7 SYSTEMPATH/CodeIgniter.php(441): CodeIgniter\CodeIgniter->tryToRouteIt(null)
 8 SYSTEMPATH/CodeIgniter.php(340): CodeIgniter\CodeIgniter->handleRequest(null, Object(Config\Cache), false)
 9 SYSTEMPATH/Boot.php(417): CodeIgniter\CodeIgniter->run()
10 SYSTEMPATH/Boot.php(68): CodeIgniter\Boot::runCodeIgniter(Object(CodeIgniter\CodeIgniter))
11 FCPATH/index.php(59): CodeIgniter\Boot::bootWeb(Object(Config\Paths))
WARNING - 2026-05-11 16:49:03 --> [DEPRECATED] Passing lowercase HTTP method "post" is deprecated. Use uppercase HTTP method like "POST". in SYSTEMPATH/Router/RouteCollection.php on line 1026.
 1 SYSTEMPATH/Router/RouteCollection.php(1026): trigger_error('Passing lowercase HTTP method "post" is deprecated. Use uppercase HTTP method like "POST".', 16384)
 2 APPPATH/Config/Routes.php(60): CodeIgniter\Router\RouteCollection->match([...], 'regime/edit/(:num)', '\\App\\Controllers\\Regimes\\RegimeController::edit/$1')
 3 SYSTEMPATH/Router/RouteCollection.php(799): CodeIgniter\Router\RouteCollection->{closure}(Object(CodeIgniter\Router\RouteCollection))
 4 APPPATH/Config/Routes.php(56): CodeIgniter\Router\RouteCollection->group('admin', [...], Object(Closure))
 5 SYSTEMPATH/Router/RouteCollection.php(339): require('/home/angeli/Asa/MrRojo/Regime/app/Config/Routes.php')
 6 SYSTEMPATH/CodeIgniter.php(818): CodeIgniter\Router\RouteCollection->loadRoutes()
 7 SYSTEMPATH/CodeIgniter.php(441): CodeIgniter\CodeIgniter->tryToRouteIt(null)
 8 SYSTEMPATH/CodeIgniter.php(340): CodeIgniter\CodeIgniter->handleRequest(null, Object(Config\Cache), false)
 9 SYSTEMPATH/Boot.php(417): CodeIgniter\CodeIgniter->run()
10 SYSTEMPATH/Boot.php(68): CodeIgniter\Boot::runCodeIgniter(Object(CodeIgniter\CodeIgniter))
11 FCPATH/index.php(59): CodeIgniter\Boot::bootWeb(Object(Config\Paths))
WARNING - 2026-05-11 16:49:03 --> [DEPRECATED] Passing lowercase HTTP method "get" is deprecated. Use uppercase HTTP method like "GET". in SYSTEMPATH/Router/RouteCollection.php on line 1026.
 1 SYSTEMPATH/Router/RouteCollection.php(1026): trigger_error('Passing lowercase HTTP method "get" is deprecated. Use uppercase HTTP method like "GET".', 16384)
 2 APPPATH/Config/Routes.php(64): CodeIgniter\Router\RouteCollection->match([...], 'sport/create', '\\App\\Controllers\\Activites\\ActiviteController::create')
 3 SYSTEMPATH/Router/RouteCollection.php(799): CodeIgniter\Router\RouteCollection->{closure}(Object(CodeIgniter\Router\RouteCollection))
 4 APPPATH/Config/Routes.php(56): CodeIgniter\Router\RouteCollection->group('admin', [...], Object(Closure))
 5 SYSTEMPATH/Router/RouteCollection.php(339): require('/home/angeli/Asa/MrRojo/Regime/app/Config/Routes.php')
 6 SYSTEMPATH/CodeIgniter.php(818): CodeIgniter\Router\RouteCollection->loadRoutes()
 7 SYSTEMPATH/CodeIgniter.php(441): CodeIgniter\CodeIgniter->tryToRouteIt(null)
 8 SYSTEMPATH/CodeIgniter.php(340): CodeIgniter\CodeIgniter->handleRequest(null, Object(Config\Cache), false)
 9 SYSTEMPATH/Boot.php(417): CodeIgniter\CodeIgniter->run()
10 SYSTEMPATH/Boot.php(68): CodeIgniter\Boot::runCodeIgniter(Object(CodeIgniter\CodeIgniter))
11 FCPATH/index.php(59): CodeIgniter\Boot::bootWeb(Object(Config\Paths))
WARNING - 2026-05-11 16:49:03 --> [DEPRECATED] Passing lowercase HTTP method "post" is deprecated. Use uppercase HTTP method like "POST". in SYSTEMPATH/Router/RouteCollection.php on line 1026.
 1 SYSTEMPATH/Router/RouteCollection.php(1026): trigger_error('Passing lowercase HTTP method "post" is deprecated. Use uppercase HTTP method like "POST".', 16384)
 2 APPPATH/Config/Routes.php(64): CodeIgniter\Router\RouteCollection->match([...], 'sport/create', '\\App\\Controllers\\Activites\\ActiviteController::create')
 3 SYSTEMPATH/Router/RouteCollection.php(799): CodeIgniter\Router\RouteCollection->{closure}(Object(CodeIgniter\Router\RouteCollection))
 4 APPPATH/Config/Routes.php(56): CodeIgniter\Router\RouteCollection->group('admin', [...], Object(Closure))
 5 SYSTEMPATH/Router/RouteCollection.php(339): require('/home/angeli/Asa/MrRojo/Regime/app/Config/Routes.php')
 6 SYSTEMPATH/CodeIgniter.php(818): CodeIgniter\Router\RouteCollection->loadRoutes()
 7 SYSTEMPATH/CodeIgniter.php(441): CodeIgniter\CodeIgniter->tryToRouteIt(null)
 8 SYSTEMPATH/CodeIgniter.php(340): CodeIgniter\CodeIgniter->handleRequest(null, Object(Config\Cache), false)
 9 SYSTEMPATH/Boot.php(417): CodeIgniter\CodeIgniter->run()
10 SYSTEMPATH/Boot.php(68): CodeIgniter\Boot::runCodeIgniter(Object(CodeIgniter\CodeIgniter))
11 FCPATH/index.php(59): CodeIgniter\Boot::bootWeb(Object(Config\Paths))
WARNING - 2026-05-11 16:49:03 --> [DEPRECATED] Passing lowercase HTTP method "get" is deprecated. Use uppercase HTTP method like "GET". in SYSTEMPATH/Router/RouteCollection.php on line 1026.
 1 SYSTEMPATH/Router/RouteCollection.php(1026): trigger_error('Passing lowercase HTTP method "get" is deprecated. Use uppercase HTTP method like "GET".', 16384)
 2 APPPATH/Config/Routes.php(65): CodeIgniter\Router\RouteCollection->match([...], 'sport/edit/(:num)', '\\App\\Controllers\\Activites\\ActiviteController::edit/$1')
 3 SYSTEMPATH/Router/RouteCollection.php(799): CodeIgniter\Router\RouteCollection->{closure}(Object(CodeIgniter\Router\RouteCollection))
 4 APPPATH/Config/Routes.php(56): CodeIgniter\Router\RouteCollection->group('admin', [...], Object(Closure))
 5 SYSTEMPATH/Router/RouteCollection.php(339): require('/home/angeli/Asa/MrRojo/Regime/app/Config/Routes.php')
 6 SYSTEMPATH/CodeIgniter.php(818): CodeIgniter\Router\RouteCollection->loadRoutes()
 7 SYSTEMPATH/CodeIgniter.php(441): CodeIgniter\CodeIgniter->tryToRouteIt(null)
 8 SYSTEMPATH/CodeIgniter.php(340): CodeIgniter\CodeIgniter->handleRequest(null, Object(Config\Cache), false)
 9 SYSTEMPATH/Boot.php(417): CodeIgniter\CodeIgniter->run()
10 SYSTEMPATH/Boot.php(68): CodeIgniter\Boot::runCodeIgniter(Object(CodeIgniter\CodeIgniter))
11 FCPATH/index.php(59): CodeIgniter\Boot::bootWeb(Object(Config\Paths))
WARNING - 2026-05-11 16:49:03 --> [DEPRECATED] Passing lowercase HTTP method "post" is deprecated. Use uppercase HTTP method like "POST". in SYSTEMPATH/Router/RouteCollection.php on line 1026.
 1 SYSTEMPATH/Router/RouteCollection.php(1026): trigger_error('Passing lowercase HTTP method "post" is deprecated. Use uppercase HTTP method like "POST".', 16384)
 2 APPPATH/Config/Routes.php(65): CodeIgniter\Router\RouteCollection->match([...], 'sport/edit/(:num)', '\\App\\Controllers\\Activites\\ActiviteController::edit/$1')
 3 SYSTEMPATH/Router/RouteCollection.php(799): CodeIgniter\Router\RouteCollection->{closure}(Object(CodeIgniter\Router\RouteCollection))
 4 APPPATH/Config/Routes.php(56): CodeIgniter\Router\RouteCollection->group('admin', [...], Object(Closure))
 5 SYSTEMPATH/Router/RouteCollection.php(339): require('/home/angeli/Asa/MrRojo/Regime/app/Config/Routes.php')
 6 SYSTEMPATH/CodeIgniter.php(818): CodeIgniter\Router\RouteCollection->loadRoutes()
 7 SYSTEMPATH/CodeIgniter.php(441): CodeIgniter\CodeIgniter->tryToRouteIt(null)
 8 SYSTEMPATH/CodeIgniter.php(340): CodeIgniter\CodeIgniter->handleRequest(null, Object(Config\Cache), false)
 9 SYSTEMPATH/Boot.php(417): CodeIgniter\CodeIgniter->run()
10 SYSTEMPATH/Boot.php(68): CodeIgniter\Boot::runCodeIgniter(Object(CodeIgniter\CodeIgniter))
11 FCPATH/index.php(59): CodeIgniter\Boot::bootWeb(Object(Config\Paths))
DEBUG - 2026-05-11 16:49:03 --> Session: Class initialized using 'CodeIgniter\Session\Handlers\FileHandler' driver.
